<?xml version="1.0" encoding="UTF-8" ?>
<gpx version="1.1" xmlns:xsi="http://www.w3.org/2001/XMLSchema-instance"
    xmlns="http://www.topografix.com/GPX/1/1"
    xsi:schemaLocation="http://www.topografix.com/GPX/1/1 http://www.topografix.com/GPX/1/1/gpx.xsd"
    creator="Openrunner - https://www.openrunner.com" >	<trk>
	                   <name>ACBE-S-93B-2210687</name>
						<trkseg>
					<trkpt lat="48.846530" lon="2.510730">
						<ele>39</ele>
						<time>2026-09-12T05:27:12Z</time>
					</trkpt>
					<trkpt lat="48.846900" lon="2.510760">
						<ele>39</ele>
						<time>2026-09-12T05:27:19Z</time>
					</trkpt>
					<trkpt lat="48.847090" lon="2.510810">
						<ele>39</ele>
						<time>2026-09-12T05:27:22Z</time>
					</trkpt>
					<trkpt lat="48.847760" lon="2.511040">
						<ele>38</ele>
						<time>2026-09-12T05:27:34Z</time>
					</trkpt>
					<trkpt lat="48.848220" lon="2.511240">
						<ele>37</ele>
						<time>2026-09-12T05:27:43Z</time>
					</trkpt>
					<trkpt lat="48.848780" lon="2.511570">
						<ele>37</ele>
						<time>2026-09-12T05:27:53Z</time>
					</trkpt>
					<trkpt lat="48.848990" lon="2.511710">
						<ele>37</ele>
						<time>2026-09-12T05:27:58Z</time>
					</trkpt>
					<trkpt lat="48.849470" lon="2.512160">
						<ele>36</ele>
						<time>2026-09-12T05:28:08Z</time>
					</trkpt>
					<trkpt lat="48.850290" lon="2.513080">
						<ele>37</ele>
						<time>2026-09-12T05:28:26Z</time>
					</trkpt>
					<trkpt lat="48.850360" lon="2.513150">
						<ele>37</ele>
						<time>2026-09-12T05:28:27Z</time>
					</trkpt>
					<trkpt lat="48.850520" lon="2.513210">
						<ele>37</ele>
						<time>2026-09-12T05:28:30Z</time>
					</trkpt>
					<trkpt lat="48.850570" lon="2.513190">
						<ele>37</ele>
						<time>2026-09-12T05:28:31Z</time>
					</trkpt>
					<trkpt lat="48.850610" lon="2.513130">
						<ele>37</ele>
						<time>2026-09-12T05:28:32Z</time>
					</trkpt>
					<trkpt lat="48.850720" lon="2.512770">
						<ele>37</ele>
						<time>2026-09-12T05:28:37Z</time>
					</trkpt>
					<trkpt lat="48.851370" lon="2.513230">
						<ele>39</ele>
						<time>2026-09-12T05:28:49Z</time>
					</trkpt>
					<trkpt lat="48.851440" lon="2.513260">
						<ele>40</ele>
						<time>2026-09-12T05:28:51Z</time>
					</trkpt>
					<trkpt lat="48.852470" lon="2.512010">
						<ele>39</ele>
						<time>2026-09-12T05:29:14Z</time>
					</trkpt>
					<trkpt lat="48.852580" lon="2.512540">
						<ele>39</ele>
						<time>2026-09-12T05:29:21Z</time>
					</trkpt>
					<trkpt lat="48.853540" lon="2.517130">
						<ele>39</ele>
						<time>2026-09-12T05:30:17Z</time>
					</trkpt>
					<trkpt lat="48.854250" lon="2.520740">
						<ele>36</ele>
						<time>2026-09-12T05:31:01Z</time>
					</trkpt>
					<trkpt lat="48.854450" lon="2.521580">
						<ele>38</ele>
						<time>2026-09-12T05:31:12Z</time>
					</trkpt>
					<trkpt lat="48.855030" lon="2.524490">
						<ele>40</ele>
						<time>2026-09-12T05:31:47Z</time>
					</trkpt>
					<trkpt lat="48.855510" lon="2.526700">
						<ele>40</ele>
						<time>2026-09-12T05:32:14Z</time>
					</trkpt>
					<trkpt lat="48.855000" lon="2.526940">
						<ele>39</ele>
						<time>2026-09-12T05:32:24Z</time>
					</trkpt>
					<trkpt lat="48.854890" lon="2.527040">
						<ele>39</ele>
						<time>2026-09-12T05:32:26Z</time>
					</trkpt>
					<trkpt lat="48.854830" lon="2.527170">
						<ele>39</ele>
						<time>2026-09-12T05:32:28Z</time>
					</trkpt>
					<trkpt lat="48.854810" lon="2.527420">
						<ele>39</ele>
						<time>2026-09-12T05:32:31Z</time>
					</trkpt>
					<trkpt lat="48.854910" lon="2.530060">
						<ele>40</ele>
						<time>2026-09-12T05:33:02Z</time>
					</trkpt>
					<trkpt lat="48.855050" lon="2.531830">
						<ele>43</ele>
						<time>2026-09-12T05:33:23Z</time>
					</trkpt>
					<trkpt lat="48.854900" lon="2.531880">
						<ele>42</ele>
						<time>2026-09-12T05:33:26Z</time>
					</trkpt>
					<trkpt lat="48.854380" lon="2.532170">
						<ele>40</ele>
						<time>2026-09-12T05:33:36Z</time>
					</trkpt>
					<trkpt lat="48.853960" lon="2.532470">
						<ele>38</ele>
						<time>2026-09-12T05:33:44Z</time>
					</trkpt>
					<trkpt lat="48.853180" lon="2.532940">
						<ele>36</ele>
						<time>2026-09-12T05:33:59Z</time>
					</trkpt>
					<trkpt lat="48.852880" lon="2.533110">
						<ele>38</ele>
						<time>2026-09-12T05:34:04Z</time>
					</trkpt>
					<trkpt lat="48.851770" lon="2.533760">
						<ele>39</ele>
						<time>2026-09-12T05:34:26Z</time>
					</trkpt>
					<trkpt lat="48.851500" lon="2.533970">
						<ele>38</ele>
						<time>2026-09-12T05:34:31Z</time>
					</trkpt>
					<trkpt lat="48.851140" lon="2.534440">
						<ele>39</ele>
						<time>2026-09-12T05:34:39Z</time>
					</trkpt>
					<trkpt lat="48.847930" lon="2.539090">
						<ele>57</ele>
						<time>2026-09-12T05:35:58Z</time>
					</trkpt>
					<trkpt lat="48.847470" lon="2.539820">
						<ele>61</ele>
						<time>2026-09-12T05:36:10Z</time>
					</trkpt>
					<trkpt lat="48.847330" lon="2.540160">
						<ele>62</ele>
						<time>2026-09-12T05:36:15Z</time>
					</trkpt>
					<trkpt lat="48.847060" lon="2.540260">
						<ele>63</ele>
						<time>2026-09-12T05:36:20Z</time>
					</trkpt>
					<trkpt lat="48.846980" lon="2.540330">
						<ele>64</ele>
						<time>2026-09-12T05:36:21Z</time>
					</trkpt>
					<trkpt lat="48.846310" lon="2.540530">
						<ele>67</ele>
						<time>2026-09-12T05:36:34Z</time>
					</trkpt>
					<trkpt lat="48.845150" lon="2.541130">
						<ele>71</ele>
						<time>2026-09-12T05:36:55Z</time>
					</trkpt>
					<trkpt lat="48.845020" lon="2.541160">
						<ele>71</ele>
						<time>2026-09-12T05:36:58Z</time>
					</trkpt>
					<trkpt lat="48.844890" lon="2.541240">
						<ele>71</ele>
						<time>2026-09-12T05:37:00Z</time>
					</trkpt>
					<trkpt lat="48.844720" lon="2.541400">
						<ele>72</ele>
						<time>2026-09-12T05:37:04Z</time>
					</trkpt>
					<trkpt lat="48.844640" lon="2.541520">
						<ele>72</ele>
						<time>2026-09-12T05:37:06Z</time>
					</trkpt>
					<trkpt lat="48.844580" lon="2.541640">
						<ele>72</ele>
						<time>2026-09-12T05:37:08Z</time>
					</trkpt>
					<trkpt lat="48.844210" lon="2.542230">
						<ele>76</ele>
						<time>2026-09-12T05:37:17Z</time>
					</trkpt>
					<trkpt lat="48.844070" lon="2.542450">
						<ele>78</ele>
						<time>2026-09-12T05:37:21Z</time>
					</trkpt>
					<trkpt lat="48.843410" lon="2.543490">
						<ele>86</ele>
						<time>2026-09-12T05:37:38Z</time>
					</trkpt>
					<trkpt lat="48.843300" lon="2.543580">
						<ele>87</ele>
						<time>2026-09-12T05:37:40Z</time>
					</trkpt>
					<trkpt lat="48.843190" lon="2.543630">
						<ele>88</ele>
						<time>2026-09-12T05:37:42Z</time>
					</trkpt>
					<trkpt lat="48.843080" lon="2.543650">
						<ele>89</ele>
						<time>2026-09-12T05:37:44Z</time>
					</trkpt>
					<trkpt lat="48.843010" lon="2.543710">
						<ele>91</ele>
						<time>2026-09-12T05:37:45Z</time>
					</trkpt>
					<trkpt lat="48.842970" lon="2.543800">
						<ele>92</ele>
						<time>2026-09-12T05:37:47Z</time>
					</trkpt>
					<trkpt lat="48.842940" lon="2.543900">
						<ele>93</ele>
						<time>2026-09-12T05:37:48Z</time>
					</trkpt>
					<trkpt lat="48.842940" lon="2.544010">
						<ele>94</ele>
						<time>2026-09-12T05:37:49Z</time>
					</trkpt>
					<trkpt lat="48.842960" lon="2.544110">
						<ele>94</ele>
						<time>2026-09-12T05:37:50Z</time>
					</trkpt>
					<trkpt lat="48.843000" lon="2.544200">
						<ele>94</ele>
						<time>2026-09-12T05:37:52Z</time>
					</trkpt>
					<trkpt lat="48.843060" lon="2.544260">
						<ele>94</ele>
						<time>2026-09-12T05:37:53Z</time>
					</trkpt>
					<trkpt lat="48.843100" lon="2.544390">
						<ele>93</ele>
						<time>2026-09-12T05:37:55Z</time>
					</trkpt>
					<trkpt lat="48.843100" lon="2.544540">
						<ele>93</ele>
						<time>2026-09-12T05:37:56Z</time>
					</trkpt>
					<trkpt lat="48.843130" lon="2.547850">
						<ele>98</ele>
						<time>2026-09-12T05:38:35Z</time>
					</trkpt>
					<trkpt lat="48.843090" lon="2.547910">
						<ele>99</ele>
						<time>2026-09-12T05:38:36Z</time>
					</trkpt>
					<trkpt lat="48.843060" lon="2.547980">
						<ele>99</ele>
						<time>2026-09-12T05:38:37Z</time>
					</trkpt>
					<trkpt lat="48.843040" lon="2.548070">
						<ele>99</ele>
						<time>2026-09-12T05:38:38Z</time>
					</trkpt>
					<trkpt lat="48.843050" lon="2.548160">
						<ele>99</ele>
						<time>2026-09-12T05:38:39Z</time>
					</trkpt>
					<trkpt lat="48.840820" lon="2.550200">
						<ele>94</ele>
						<time>2026-09-12T05:39:26Z</time>
					</trkpt>
					<trkpt lat="48.840490" lon="2.550470">
						<ele>94</ele>
						<time>2026-09-12T05:39:32Z</time>
					</trkpt>
					<trkpt lat="48.840420" lon="2.550450">
						<ele>94</ele>
						<time>2026-09-12T05:39:33Z</time>
					</trkpt>
					<trkpt lat="48.840350" lon="2.550470">
						<ele>94</ele>
						<time>2026-09-12T05:39:35Z</time>
					</trkpt>
					<trkpt lat="48.840290" lon="2.550540">
						<ele>94</ele>
						<time>2026-09-12T05:39:36Z</time>
					</trkpt>
					<trkpt lat="48.840250" lon="2.550640">
						<ele>94</ele>
						<time>2026-09-12T05:39:37Z</time>
					</trkpt>
					<trkpt lat="48.840250" lon="2.550750">
						<ele>94</ele>
						<time>2026-09-12T05:39:39Z</time>
					</trkpt>
					<trkpt lat="48.840290" lon="2.550890">
						<ele>94</ele>
						<time>2026-09-12T05:39:41Z</time>
					</trkpt>
					<trkpt lat="48.840330" lon="2.550940">
						<ele>94</ele>
						<time>2026-09-12T05:39:41Z</time>
					</trkpt>
					<trkpt lat="48.840350" lon="2.551090">
						<ele>94</ele>
						<time>2026-09-12T05:39:43Z</time>
					</trkpt>
					<trkpt lat="48.840380" lon="2.555430">
						<ele>96</ele>
						<time>2026-09-12T05:40:34Z</time>
					</trkpt>
					<trkpt lat="48.840400" lon="2.558730">
						<ele>96</ele>
						<time>2026-09-12T05:41:13Z</time>
					</trkpt>
					<trkpt lat="48.840380" lon="2.558960">
						<ele>96</ele>
						<time>2026-09-12T05:41:15Z</time>
					</trkpt>
					<trkpt lat="48.840340" lon="2.559250">
						<ele>96</ele>
						<time>2026-09-12T05:41:19Z</time>
					</trkpt>
					<trkpt lat="48.840300" lon="2.559320">
						<ele>96</ele>
						<time>2026-09-12T05:41:20Z</time>
					</trkpt>
					<trkpt lat="48.840290" lon="2.559400">
						<ele>97</ele>
						<time>2026-09-12T05:41:21Z</time>
					</trkpt>
					<trkpt lat="48.840090" lon="2.559700">
						<ele>97</ele>
						<time>2026-09-12T05:41:26Z</time>
					</trkpt>
					<trkpt lat="48.839260" lon="2.560440">
						<ele>100</ele>
						<time>2026-09-12T05:41:43Z</time>
					</trkpt>
					<trkpt lat="48.838230" lon="2.561320">
						<ele>97</ele>
						<time>2026-09-12T05:42:04Z</time>
					</trkpt>
					<trkpt lat="48.837890" lon="2.561670">
						<ele>96</ele>
						<time>2026-09-12T05:42:11Z</time>
					</trkpt>
					<trkpt lat="48.837840" lon="2.561650">
						<ele>96</ele>
						<time>2026-09-12T05:42:12Z</time>
					</trkpt>
					<trkpt lat="48.837790" lon="2.561680">
						<ele>96</ele>
						<time>2026-09-12T05:42:13Z</time>
					</trkpt>
					<trkpt lat="48.837750" lon="2.561740">
						<ele>96</ele>
						<time>2026-09-12T05:42:14Z</time>
					</trkpt>
					<trkpt lat="48.837740" lon="2.561810">
						<ele>96</ele>
						<time>2026-09-12T05:42:15Z</time>
					</trkpt>
					<trkpt lat="48.837740" lon="2.561880">
						<ele>96</ele>
						<time>2026-09-12T05:42:16Z</time>
					</trkpt>
					<trkpt lat="48.837630" lon="2.562140">
						<ele>97</ele>
						<time>2026-09-12T05:42:20Z</time>
					</trkpt>
					<trkpt lat="48.837240" lon="2.562510">
						<ele>98</ele>
						<time>2026-09-12T05:42:28Z</time>
					</trkpt>
					<trkpt lat="48.836920" lon="2.562730">
						<ele>99</ele>
						<time>2026-09-12T05:42:34Z</time>
					</trkpt>
					<trkpt lat="48.836740" lon="2.562780">
						<ele>100</ele>
						<time>2026-09-12T05:42:37Z</time>
					</trkpt>
					<trkpt lat="48.836160" lon="2.562840">
						<ele>100</ele>
						<time>2026-09-12T05:42:48Z</time>
					</trkpt>
					<trkpt lat="48.835350" lon="2.562940">
						<ele>99</ele>
						<time>2026-09-12T05:43:02Z</time>
					</trkpt>
					<trkpt lat="48.835280" lon="2.562960">
						<ele>99</ele>
						<time>2026-09-12T05:43:03Z</time>
					</trkpt>
					<trkpt lat="48.835210" lon="2.563010">
						<ele>99</ele>
						<time>2026-09-12T05:43:05Z</time>
					</trkpt>
					<trkpt lat="48.835170" lon="2.563130">
						<ele>99</ele>
						<time>2026-09-12T05:43:06Z</time>
					</trkpt>
					<trkpt lat="48.835170" lon="2.563270">
						<ele>99</ele>
						<time>2026-09-12T05:43:08Z</time>
					</trkpt>
					<trkpt lat="48.835260" lon="2.564460">
						<ele>97</ele>
						<time>2026-09-12T05:43:22Z</time>
					</trkpt>
					<trkpt lat="48.835210" lon="2.564930">
						<ele>96</ele>
						<time>2026-09-12T05:43:28Z</time>
					</trkpt>
					<trkpt lat="48.835120" lon="2.565190">
						<ele>96</ele>
						<time>2026-09-12T05:43:31Z</time>
					</trkpt>
					<trkpt lat="48.834930" lon="2.565500">
						<ele>96</ele>
						<time>2026-09-12T05:43:36Z</time>
					</trkpt>
					<trkpt lat="48.834780" lon="2.565690">
						<ele>96</ele>
						<time>2026-09-12T05:43:39Z</time>
					</trkpt>
					<trkpt lat="48.834490" lon="2.565790">
						<ele>97</ele>
						<time>2026-09-12T05:43:45Z</time>
					</trkpt>
					<trkpt lat="48.834500" lon="2.565880">
						<ele>97</ele>
						<time>2026-09-12T05:43:46Z</time>
					</trkpt>
					<trkpt lat="48.834480" lon="2.565980">
						<ele>97</ele>
						<time>2026-09-12T05:43:47Z</time>
					</trkpt>
					<trkpt lat="48.834170" lon="2.566790">
						<ele>97</ele>
						<time>2026-09-12T05:43:58Z</time>
					</trkpt>
					<trkpt lat="48.833620" lon="2.568870">
						<ele>98</ele>
						<time>2026-09-12T05:44:24Z</time>
					</trkpt>
					<trkpt lat="48.833390" lon="2.569510">
						<ele>99</ele>
						<time>2026-09-12T05:44:33Z</time>
					</trkpt>
					<trkpt lat="48.833020" lon="2.570340">
						<ele>99</ele>
						<time>2026-09-12T05:44:44Z</time>
					</trkpt>
					<trkpt lat="48.832790" lon="2.570820">
						<ele>99</ele>
						<time>2026-09-12T05:44:51Z</time>
					</trkpt>
					<trkpt lat="48.832460" lon="2.571330">
						<ele>98</ele>
						<time>2026-09-12T05:45:00Z</time>
					</trkpt>
					<trkpt lat="48.832290" lon="2.571510">
						<ele>98</ele>
						<time>2026-09-12T05:45:03Z</time>
					</trkpt>
					<trkpt lat="48.830390" lon="2.573240">
						<ele>99</ele>
						<time>2026-09-12T05:45:43Z</time>
					</trkpt>
					<trkpt lat="48.829480" lon="2.574130">
						<ele>98</ele>
						<time>2026-09-12T05:46:02Z</time>
					</trkpt>
					<trkpt lat="48.829500" lon="2.574440">
						<ele>98</ele>
						<time>2026-09-12T05:46:06Z</time>
					</trkpt>
					<trkpt lat="48.829970" lon="2.581310">
						<ele>100</ele>
						<time>2026-09-12T05:47:27Z</time>
					</trkpt>
					<trkpt lat="48.830130" lon="2.583250">
						<ele>101</ele>
						<time>2026-09-12T05:47:50Z</time>
					</trkpt>
					<trkpt lat="48.830130" lon="2.583480">
						<ele>100</ele>
						<time>2026-09-12T05:47:52Z</time>
					</trkpt>
					<trkpt lat="48.830270" lon="2.584960">
						<ele>97</ele>
						<time>2026-09-12T05:48:10Z</time>
					</trkpt>
					<trkpt lat="48.830300" lon="2.585220">
						<ele>96</ele>
						<time>2026-09-12T05:48:13Z</time>
					</trkpt>
					<trkpt lat="48.830360" lon="2.585480">
						<ele>96</ele>
						<time>2026-09-12T05:48:16Z</time>
					</trkpt>
					<trkpt lat="48.830670" lon="2.586170">
						<ele>97</ele>
						<time>2026-09-12T05:48:26Z</time>
					</trkpt>
					<trkpt lat="48.830730" lon="2.586410">
						<ele>97</ele>
						<time>2026-09-12T05:48:29Z</time>
					</trkpt>
					<trkpt lat="48.830750" lon="2.586610">
						<ele>98</ele>
						<time>2026-09-12T05:48:31Z</time>
					</trkpt>
					<trkpt lat="48.830750" lon="2.587210">
						<ele>98</ele>
						<time>2026-09-12T05:48:38Z</time>
					</trkpt>
					<trkpt lat="48.830770" lon="2.587520">
						<ele>98</ele>
						<time>2026-09-12T05:48:42Z</time>
					</trkpt>
					<trkpt lat="48.830840" lon="2.588010">
						<ele>99</ele>
						<time>2026-09-12T05:48:48Z</time>
					</trkpt>
					<trkpt lat="48.830980" lon="2.588570">
						<ele>99</ele>
						<time>2026-09-12T05:48:55Z</time>
					</trkpt>
					<trkpt lat="48.831040" lon="2.588780">
						<ele>99</ele>
						<time>2026-09-12T05:48:58Z</time>
					</trkpt>
					<trkpt lat="48.830970" lon="2.588910">
						<ele>98</ele>
						<time>2026-09-12T05:49:00Z</time>
					</trkpt>
					<trkpt lat="48.830950" lon="2.589000">
						<ele>98</ele>
						<time>2026-09-12T05:49:01Z</time>
					</trkpt>
					<trkpt lat="48.830730" lon="2.589560">
						<ele>97</ele>
						<time>2026-09-12T05:49:08Z</time>
					</trkpt>
					<trkpt lat="48.830690" lon="2.590180">
						<ele>95</ele>
						<time>2026-09-12T05:49:16Z</time>
					</trkpt>
					<trkpt lat="48.830580" lon="2.590930">
						<ele>93</ele>
						<time>2026-09-12T05:49:25Z</time>
					</trkpt>
					<trkpt lat="48.830170" lon="2.593240">
						<ele>86</ele>
						<time>2026-09-12T05:49:53Z</time>
					</trkpt>
					<trkpt lat="48.830040" lon="2.593720">
						<ele>88</ele>
						<time>2026-09-12T05:49:59Z</time>
					</trkpt>
					<trkpt lat="48.829910" lon="2.593980">
						<ele>90</ele>
						<time>2026-09-12T05:50:02Z</time>
					</trkpt>
					<trkpt lat="48.829730" lon="2.594190">
						<ele>92</ele>
						<time>2026-09-12T05:50:07Z</time>
					</trkpt>
					<trkpt lat="48.829640" lon="2.594250">
						<ele>92</ele>
						<time>2026-09-12T05:50:08Z</time>
					</trkpt>
					<trkpt lat="48.829380" lon="2.594360">
						<ele>94</ele>
						<time>2026-09-12T05:50:13Z</time>
					</trkpt>
					<trkpt lat="48.827810" lon="2.594520">
						<ele>95</ele>
						<time>2026-09-12T05:50:41Z</time>
					</trkpt>
					<trkpt lat="48.827470" lon="2.594680">
						<ele>95</ele>
						<time>2026-09-12T05:50:47Z</time>
					</trkpt>
					<trkpt lat="48.827390" lon="2.594740">
						<ele>95</ele>
						<time>2026-09-12T05:50:49Z</time>
					</trkpt>
					<trkpt lat="48.827290" lon="2.594880">
						<ele>96</ele>
						<time>2026-09-12T05:50:51Z</time>
					</trkpt>
					<trkpt lat="48.827150" lon="2.595140">
						<ele>96</ele>
						<time>2026-09-12T05:50:55Z</time>
					</trkpt>
					<trkpt lat="48.827080" lon="2.595390">
						<ele>97</ele>
						<time>2026-09-12T05:50:59Z</time>
					</trkpt>
					<trkpt lat="48.826830" lon="2.596530">
						<ele>99</ele>
						<time>2026-09-12T05:51:13Z</time>
					</trkpt>
					<trkpt lat="48.826820" lon="2.596810">
						<ele>100</ele>
						<time>2026-09-12T05:51:16Z</time>
					</trkpt>
					<trkpt lat="48.826850" lon="2.597120">
						<ele>101</ele>
						<time>2026-09-12T05:51:20Z</time>
					</trkpt>
					<trkpt lat="48.826920" lon="2.597340">
						<ele>102</ele>
						<time>2026-09-12T05:51:22Z</time>
					</trkpt>
					<trkpt lat="48.827020" lon="2.597530">
						<ele>102</ele>
						<time>2026-09-12T05:51:25Z</time>
					</trkpt>
					<trkpt lat="48.827410" lon="2.598110">
						<ele>102</ele>
						<time>2026-09-12T05:51:35Z</time>
					</trkpt>
					<trkpt lat="48.827550" lon="2.598310">
						<ele>102</ele>
						<time>2026-09-12T05:51:38Z</time>
					</trkpt>
					<trkpt lat="48.827590" lon="2.598410">
						<ele>102</ele>
						<time>2026-09-12T05:51:40Z</time>
					</trkpt>
					<trkpt lat="48.827590" lon="2.598540">
						<ele>102</ele>
						<time>2026-09-12T05:51:41Z</time>
					</trkpt>
					<trkpt lat="48.827550" lon="2.599040">
						<ele>102</ele>
						<time>2026-09-12T05:51:47Z</time>
					</trkpt>
					<trkpt lat="48.827200" lon="2.602060">
						<ele>107</ele>
						<time>2026-09-12T05:52:23Z</time>
					</trkpt>
					<trkpt lat="48.827090" lon="2.602970">
						<ele>108</ele>
						<time>2026-09-12T05:52:34Z</time>
					</trkpt>
					<trkpt lat="48.827020" lon="2.603290">
						<ele>108</ele>
						<time>2026-09-12T05:52:38Z</time>
					</trkpt>
					<trkpt lat="48.826930" lon="2.603590">
						<ele>108</ele>
						<time>2026-09-12T05:52:42Z</time>
					</trkpt>
					<trkpt lat="48.826470" lon="2.604820">
						<ele>106</ele>
						<time>2026-09-12T05:52:58Z</time>
					</trkpt>
					<trkpt lat="48.826390" lon="2.605110">
						<ele>106</ele>
						<time>2026-09-12T05:53:02Z</time>
					</trkpt>
					<trkpt lat="48.826340" lon="2.605350">
						<ele>106</ele>
						<time>2026-09-12T05:53:05Z</time>
					</trkpt>
					<trkpt lat="48.826170" lon="2.606920">
						<ele>111</ele>
						<time>2026-09-12T05:53:24Z</time>
					</trkpt>
					<trkpt lat="48.826150" lon="2.607190">
						<ele>112</ele>
						<time>2026-09-12T05:53:27Z</time>
					</trkpt>
					<trkpt lat="48.826160" lon="2.607470">
						<ele>112</ele>
						<time>2026-09-12T05:53:30Z</time>
					</trkpt>
					<trkpt lat="48.826200" lon="2.607970">
						<ele>111</ele>
						<time>2026-09-12T05:53:36Z</time>
					</trkpt>
					<trkpt lat="48.826300" lon="2.608500">
						<ele>110</ele>
						<time>2026-09-12T05:53:42Z</time>
					</trkpt>
					<trkpt lat="48.826330" lon="2.608750">
						<ele>110</ele>
						<time>2026-09-12T05:53:45Z</time>
					</trkpt>
					<trkpt lat="48.826340" lon="2.608980">
						<ele>110</ele>
						<time>2026-09-12T05:53:48Z</time>
					</trkpt>
					<trkpt lat="48.826140" lon="2.610700">
						<ele>111</ele>
						<time>2026-09-12T05:54:09Z</time>
					</trkpt>
					<trkpt lat="48.826120" lon="2.610940">
						<ele>112</ele>
						<time>2026-09-12T05:54:11Z</time>
					</trkpt>
					<trkpt lat="48.826160" lon="2.611110">
						<ele>112</ele>
						<time>2026-09-12T05:54:14Z</time>
					</trkpt>
					<trkpt lat="48.825030" lon="2.612050">
						<ele>109</ele>
						<time>2026-09-12T05:54:36Z</time>
					</trkpt>
					<trkpt lat="48.824540" lon="2.612500">
						<ele>106</ele>
						<time>2026-09-12T05:54:47Z</time>
					</trkpt>
					<trkpt lat="48.824120" lon="2.612810">
						<ele>107</ele>
						<time>2026-09-12T05:54:55Z</time>
					</trkpt>
					<trkpt lat="48.823760" lon="2.612940">
						<ele>107</ele>
						<time>2026-09-12T05:55:02Z</time>
					</trkpt>
					<trkpt lat="48.823030" lon="2.613020">
						<ele>106</ele>
						<time>2026-09-12T05:55:15Z</time>
					</trkpt>
					<trkpt lat="48.822600" lon="2.613100">
						<ele>105</ele>
						<time>2026-09-12T05:55:22Z</time>
					</trkpt>
					<trkpt lat="48.821480" lon="2.613430">
						<ele>105</ele>
						<time>2026-09-12T05:55:43Z</time>
					</trkpt>
					<trkpt lat="48.821300" lon="2.613420">
						<ele>106</ele>
						<time>2026-09-12T05:55:46Z</time>
					</trkpt>
					<trkpt lat="48.821000" lon="2.613290">
						<ele>106</ele>
						<time>2026-09-12T05:55:51Z</time>
					</trkpt>
					<trkpt lat="48.820930" lon="2.613280">
						<ele>106</ele>
						<time>2026-09-12T05:55:53Z</time>
					</trkpt>
					<trkpt lat="48.820830" lon="2.613310">
						<ele>106</ele>
						<time>2026-09-12T05:55:54Z</time>
					</trkpt>
					<trkpt lat="48.820810" lon="2.613230">
						<ele>106</ele>
						<time>2026-09-12T05:55:55Z</time>
					</trkpt>
					<trkpt lat="48.820740" lon="2.613130">
						<ele>106</ele>
						<time>2026-09-12T05:55:57Z</time>
					</trkpt>
					<trkpt lat="48.820570" lon="2.613020">
						<ele>106</ele>
						<time>2026-09-12T05:56:00Z</time>
					</trkpt>
					<trkpt lat="48.820530" lon="2.613030">
						<ele>106</ele>
						<time>2026-09-12T05:56:01Z</time>
					</trkpt>
					<trkpt lat="48.814980" lon="2.609970">
						<ele>109</ele>
						<time>2026-09-12T05:57:46Z</time>
					</trkpt>
					<trkpt lat="48.814730" lon="2.609850">
						<ele>110</ele>
						<time>2026-09-12T05:57:51Z</time>
					</trkpt>
					<trkpt lat="48.814350" lon="2.609700">
						<ele>110</ele>
						<time>2026-09-12T05:57:58Z</time>
					</trkpt>
					<trkpt lat="48.813520" lon="2.609460">
						<ele>110</ele>
						<time>2026-09-12T05:58:13Z</time>
					</trkpt>
					<trkpt lat="48.813090" lon="2.609430">
						<ele>110</ele>
						<time>2026-09-12T05:58:20Z</time>
					</trkpt>
					<trkpt lat="48.812860" lon="2.609450">
						<ele>109</ele>
						<time>2026-09-12T05:58:25Z</time>
					</trkpt>
					<trkpt lat="48.812680" lon="2.609510">
						<ele>109</ele>
						<time>2026-09-12T05:58:28Z</time>
					</trkpt>
					<trkpt lat="48.812450" lon="2.609710">
						<ele>108</ele>
						<time>2026-09-12T05:58:33Z</time>
					</trkpt>
					<trkpt lat="48.812000" lon="2.610460">
						<ele>107</ele>
						<time>2026-09-12T05:58:44Z</time>
					</trkpt>
					<trkpt lat="48.811880" lon="2.610600">
						<ele>107</ele>
						<time>2026-09-12T05:58:47Z</time>
					</trkpt>
					<trkpt lat="48.811750" lon="2.610680">
						<ele>107</ele>
						<time>2026-09-12T05:58:50Z</time>
					</trkpt>
					<trkpt lat="48.811610" lon="2.610670">
						<ele>107</ele>
						<time>2026-09-12T05:58:52Z</time>
					</trkpt>
					<trkpt lat="48.811260" lon="2.610480">
						<ele>109</ele>
						<time>2026-09-12T05:58:59Z</time>
					</trkpt>
					<trkpt lat="48.811130" lon="2.610450">
						<ele>109</ele>
						<time>2026-09-12T05:59:01Z</time>
					</trkpt>
					<trkpt lat="48.811000" lon="2.610490">
						<ele>109</ele>
						<time>2026-09-12T05:59:03Z</time>
					</trkpt>
					<trkpt lat="48.810880" lon="2.610600">
						<ele>109</ele>
						<time>2026-09-12T05:59:06Z</time>
					</trkpt>
					<trkpt lat="48.810780" lon="2.610780">
						<ele>109</ele>
						<time>2026-09-12T05:59:09Z</time>
					</trkpt>
					<trkpt lat="48.810470" lon="2.611780">
						<ele>110</ele>
						<time>2026-09-12T05:59:22Z</time>
					</trkpt>
					<trkpt lat="48.808930" lon="2.616680">
						<ele>108</ele>
						<time>2026-09-12T06:00:25Z</time>
					</trkpt>
					<trkpt lat="48.808890" lon="2.616840">
						<ele>107</ele>
						<time>2026-09-12T06:00:27Z</time>
					</trkpt>
					<trkpt lat="48.808840" lon="2.617360">
						<ele>106</ele>
						<time>2026-09-12T06:00:33Z</time>
					</trkpt>
					<trkpt lat="48.808790" lon="2.617360">
						<ele>106</ele>
						<time>2026-09-12T06:00:34Z</time>
					</trkpt>
					<trkpt lat="48.808710" lon="2.617420">
						<ele>106</ele>
						<time>2026-09-12T06:00:36Z</time>
					</trkpt>
					<trkpt lat="48.808660" lon="2.617500">
						<ele>105</ele>
						<time>2026-09-12T06:00:37Z</time>
					</trkpt>
					<trkpt lat="48.808640" lon="2.617660">
						<ele>105</ele>
						<time>2026-09-12T06:00:39Z</time>
					</trkpt>
					<trkpt lat="48.808680" lon="2.617790">
						<ele>106</ele>
						<time>2026-09-12T06:00:41Z</time>
					</trkpt>
					<trkpt lat="48.808710" lon="2.617840">
						<ele>106</ele>
						<time>2026-09-12T06:00:42Z</time>
					</trkpt>
					<trkpt lat="48.808580" lon="2.618020">
						<ele>106</ele>
						<time>2026-09-12T06:00:45Z</time>
					</trkpt>
					<trkpt lat="48.808450" lon="2.618250">
						<ele>106</ele>
						<time>2026-09-12T06:00:48Z</time>
					</trkpt>
					<trkpt lat="48.808090" lon="2.619370">
						<ele>109</ele>
						<time>2026-09-12T06:01:03Z</time>
					</trkpt>
					<trkpt lat="48.808040" lon="2.619450">
						<ele>109</ele>
						<time>2026-09-12T06:01:04Z</time>
					</trkpt>
					<trkpt lat="48.807970" lon="2.619500">
						<ele>110</ele>
						<time>2026-09-12T06:01:06Z</time>
					</trkpt>
					<trkpt lat="48.807870" lon="2.619540">
						<ele>110</ele>
						<time>2026-09-12T06:01:07Z</time>
					</trkpt>
					<trkpt lat="48.807800" lon="2.619670">
						<ele>111</ele>
						<time>2026-09-12T06:01:09Z</time>
					</trkpt>
					<trkpt lat="48.807790" lon="2.619820">
						<ele>111</ele>
						<time>2026-09-12T06:01:11Z</time>
					</trkpt>
					<trkpt lat="48.807840" lon="2.619950">
						<ele>111</ele>
						<time>2026-09-12T06:01:13Z</time>
					</trkpt>
					<trkpt lat="48.807880" lon="2.620000">
						<ele>111</ele>
						<time>2026-09-12T06:01:14Z</time>
					</trkpt>
					<trkpt lat="48.807690" lon="2.620610">
						<ele>112</ele>
						<time>2026-09-12T06:01:22Z</time>
					</trkpt>
					<trkpt lat="48.807570" lon="2.620770">
						<ele>113</ele>
						<time>2026-09-12T06:01:25Z</time>
					</trkpt>
					<trkpt lat="48.805070" lon="2.622650">
						<ele>110</ele>
						<time>2026-09-12T06:02:14Z</time>
					</trkpt>
					<trkpt lat="48.804910" lon="2.622840">
						<ele>110</ele>
						<time>2026-09-12T06:02:18Z</time>
					</trkpt>
					<trkpt lat="48.804810" lon="2.623030">
						<ele>110</ele>
						<time>2026-09-12T06:02:21Z</time>
					</trkpt>
					<trkpt lat="48.804730" lon="2.623260">
						<ele>110</ele>
						<time>2026-09-12T06:02:24Z</time>
					</trkpt>
					<trkpt lat="48.804020" lon="2.625450">
						<ele>110</ele>
						<time>2026-09-12T06:02:52Z</time>
					</trkpt>
					<trkpt lat="48.803990" lon="2.625560">
						<ele>110</ele>
						<time>2026-09-12T06:02:54Z</time>
					</trkpt>
					<trkpt lat="48.803990" lon="2.625680">
						<ele>110</ele>
						<time>2026-09-12T06:02:55Z</time>
					</trkpt>
					<trkpt lat="48.803950" lon="2.625710">
						<ele>110</ele>
						<time>2026-09-12T06:02:56Z</time>
					</trkpt>
					<trkpt lat="48.803930" lon="2.625780">
						<ele>110</ele>
						<time>2026-09-12T06:02:57Z</time>
					</trkpt>
					<trkpt lat="48.803940" lon="2.625850">
						<ele>110</ele>
						<time>2026-09-12T06:02:58Z</time>
					</trkpt>
					<trkpt lat="48.803990" lon="2.625900">
						<ele>111</ele>
						<time>2026-09-12T06:02:59Z</time>
					</trkpt>
					<trkpt lat="48.803920" lon="2.626150">
						<ele>111</ele>
						<time>2026-09-12T06:03:02Z</time>
					</trkpt>
					<trkpt lat="48.803750" lon="2.626540">
						<ele>112</ele>
						<time>2026-09-12T06:03:07Z</time>
					</trkpt>
					<trkpt lat="48.803730" lon="2.626640">
						<ele>112</ele>
						<time>2026-09-12T06:03:09Z</time>
					</trkpt>
					<trkpt lat="48.803660" lon="2.626740">
						<ele>112</ele>
						<time>2026-09-12T06:03:10Z</time>
					</trkpt>
					<trkpt lat="48.803290" lon="2.627720">
						<ele>110</ele>
						<time>2026-09-12T06:03:24Z</time>
					</trkpt>
					<trkpt lat="48.803180" lon="2.628460">
						<ele>109</ele>
						<time>2026-09-12T06:03:32Z</time>
					</trkpt>
					<trkpt lat="48.803120" lon="2.628610">
						<ele>108</ele>
						<time>2026-09-12T06:03:35Z</time>
					</trkpt>
					<trkpt lat="48.802830" lon="2.629150">
						<ele>108</ele>
						<time>2026-09-12T06:03:43Z</time>
					</trkpt>
					<trkpt lat="48.800990" lon="2.634840">
						<ele>107</ele>
						<time>2026-09-12T06:04:57Z</time>
					</trkpt>
					<trkpt lat="48.801040" lon="2.635060">
						<ele>107</ele>
						<time>2026-09-12T06:05:00Z</time>
					</trkpt>
					<trkpt lat="48.800550" lon="2.636560">
						<ele>107</ele>
						<time>2026-09-12T06:05:19Z</time>
					</trkpt>
					<trkpt lat="48.800250" lon="2.637580">
						<ele>107</ele>
						<time>2026-09-12T06:05:32Z</time>
					</trkpt>
					<trkpt lat="48.800020" lon="2.638250">
						<ele>105</ele>
						<time>2026-09-12T06:05:41Z</time>
					</trkpt>
					<trkpt lat="48.799950" lon="2.638500">
						<ele>105</ele>
						<time>2026-09-12T06:05:44Z</time>
					</trkpt>
					<trkpt lat="48.799650" lon="2.639480">
						<ele>106</ele>
						<time>2026-09-12T06:05:57Z</time>
					</trkpt>
					<trkpt lat="48.799510" lon="2.639860">
						<ele>106</ele>
						<time>2026-09-12T06:06:02Z</time>
					</trkpt>
					<trkpt lat="48.799430" lon="2.640580">
						<ele>106</ele>
						<time>2026-09-12T06:06:11Z</time>
					</trkpt>
					<trkpt lat="48.799450" lon="2.640810">
						<ele>106</ele>
						<time>2026-09-12T06:06:13Z</time>
					</trkpt>
					<trkpt lat="48.799480" lon="2.640910">
						<ele>106</ele>
						<time>2026-09-12T06:06:15Z</time>
					</trkpt>
					<trkpt lat="48.799520" lon="2.640990">
						<ele>106</ele>
						<time>2026-09-12T06:06:16Z</time>
					</trkpt>
					<trkpt lat="48.799480" lon="2.641020">
						<ele>106</ele>
						<time>2026-09-12T06:06:17Z</time>
					</trkpt>
					<trkpt lat="48.799050" lon="2.642250">
						<ele>107</ele>
						<time>2026-09-12T06:06:33Z</time>
					</trkpt>
					<trkpt lat="48.798990" lon="2.642350">
						<ele>107</ele>
						<time>2026-09-12T06:06:35Z</time>
					</trkpt>
					<trkpt lat="48.798900" lon="2.642610">
						<ele>107</ele>
						<time>2026-09-12T06:06:38Z</time>
					</trkpt>
					<trkpt lat="48.798680" lon="2.643240">
						<ele>108</ele>
						<time>2026-09-12T06:06:46Z</time>
					</trkpt>
					<trkpt lat="48.798370" lon="2.644220">
						<ele>109</ele>
						<time>2026-09-12T06:06:59Z</time>
					</trkpt>
					<trkpt lat="48.798350" lon="2.644370">
						<ele>109</ele>
						<time>2026-09-12T06:07:01Z</time>
					</trkpt>
					<trkpt lat="48.798380" lon="2.644440">
						<ele>109</ele>
						<time>2026-09-12T06:07:02Z</time>
					</trkpt>
					<trkpt lat="48.799350" lon="2.645310">
						<ele>111</ele>
						<time>2026-09-12T06:07:22Z</time>
					</trkpt>
					<trkpt lat="48.799140" lon="2.646040">
						<ele>111</ele>
						<time>2026-09-12T06:07:31Z</time>
					</trkpt>
					<trkpt lat="48.799040" lon="2.646550">
						<ele>111</ele>
						<time>2026-09-12T06:07:38Z</time>
					</trkpt>
					<trkpt lat="48.798960" lon="2.647270">
						<ele>111</ele>
						<time>2026-09-12T06:07:46Z</time>
					</trkpt>
					<trkpt lat="48.798900" lon="2.647640">
						<ele>111</ele>
						<time>2026-09-12T06:07:51Z</time>
					</trkpt>
					<trkpt lat="48.798780" lon="2.648090">
						<ele>110</ele>
						<time>2026-09-12T06:07:56Z</time>
					</trkpt>
					<trkpt lat="48.798710" lon="2.648260">
						<ele>110</ele>
						<time>2026-09-12T06:07:59Z</time>
					</trkpt>
					<trkpt lat="48.798500" lon="2.648660">
						<ele>110</ele>
						<time>2026-09-12T06:08:05Z</time>
					</trkpt>
					<trkpt lat="48.798250" lon="2.649010">
						<ele>109</ele>
						<time>2026-09-12T06:08:11Z</time>
					</trkpt>
					<trkpt lat="48.797750" lon="2.649450">
						<ele>108</ele>
						<time>2026-09-12T06:08:21Z</time>
					</trkpt>
					<trkpt lat="48.797490" lon="2.649570">
						<ele>108</ele>
						<time>2026-09-12T06:08:26Z</time>
					</trkpt>
					<trkpt lat="48.797430" lon="2.649570">
						<ele>107</ele>
						<time>2026-09-12T06:08:27Z</time>
					</trkpt>
					<trkpt lat="48.797380" lon="2.649490">
						<ele>107</ele>
						<time>2026-09-12T06:08:28Z</time>
					</trkpt>
					<trkpt lat="48.797330" lon="2.649430">
						<ele>107</ele>
						<time>2026-09-12T06:08:29Z</time>
					</trkpt>
					<trkpt lat="48.797110" lon="2.649050">
						<ele>107</ele>
						<time>2026-09-12T06:08:35Z</time>
					</trkpt>
					<trkpt lat="48.796920" lon="2.648790">
						<ele>107</ele>
						<time>2026-09-12T06:08:40Z</time>
					</trkpt>
					<trkpt lat="48.796700" lon="2.648540">
						<ele>107</ele>
						<time>2026-09-12T06:08:45Z</time>
					</trkpt>
					<trkpt lat="48.796500" lon="2.648360">
						<ele>108</ele>
						<time>2026-09-12T06:08:49Z</time>
					</trkpt>
					<trkpt lat="48.794300" lon="2.646600">
						<ele>105</ele>
						<time>2026-09-12T06:09:33Z</time>
					</trkpt>
					<trkpt lat="48.794230" lon="2.646500">
						<ele>105</ele>
						<time>2026-09-12T06:09:35Z</time>
					</trkpt>
					<trkpt lat="48.794170" lon="2.646340">
						<ele>105</ele>
						<time>2026-09-12T06:09:37Z</time>
					</trkpt>
					<trkpt lat="48.794170" lon="2.646150">
						<ele>106</ele>
						<time>2026-09-12T06:09:39Z</time>
					</trkpt>
					<trkpt lat="48.794150" lon="2.646060">
						<ele>106</ele>
						<time>2026-09-12T06:09:40Z</time>
					</trkpt>
					<trkpt lat="48.794110" lon="2.645980">
						<ele>107</ele>
						<time>2026-09-12T06:09:41Z</time>
					</trkpt>
					<trkpt lat="48.794010" lon="2.645900">
						<ele>107</ele>
						<time>2026-09-12T06:09:43Z</time>
					</trkpt>
					<trkpt lat="48.793960" lon="2.645890">
						<ele>107</ele>
						<time>2026-09-12T06:09:44Z</time>
					</trkpt>
					<trkpt lat="48.793840" lon="2.645940">
						<ele>107</ele>
						<time>2026-09-12T06:09:47Z</time>
					</trkpt>
					<trkpt lat="48.793790" lon="2.646000">
						<ele>107</ele>
						<time>2026-09-12T06:09:48Z</time>
					</trkpt>
					<trkpt lat="48.793730" lon="2.646030">
						<ele>107</ele>
						<time>2026-09-12T06:09:49Z</time>
					</trkpt>
					<trkpt lat="48.793560" lon="2.646000">
						<ele>107</ele>
						<time>2026-09-12T06:09:52Z</time>
					</trkpt>
					<trkpt lat="48.792970" lon="2.645530">
						<ele>105</ele>
						<time>2026-09-12T06:10:04Z</time>
					</trkpt>
					<trkpt lat="48.792310" lon="2.644900">
						<ele>102</ele>
						<time>2026-09-12T06:10:18Z</time>
					</trkpt>
					<trkpt lat="48.791940" lon="2.644480">
						<ele>100</ele>
						<time>2026-09-12T06:10:26Z</time>
					</trkpt>
					<trkpt lat="48.790160" lon="2.642300">
						<ele>102</ele>
						<time>2026-09-12T06:11:07Z</time>
					</trkpt>
					<trkpt lat="48.789940" lon="2.641930">
						<ele>101</ele>
						<time>2026-09-12T06:11:12Z</time>
					</trkpt>
					<trkpt lat="48.789820" lon="2.641690">
						<ele>102</ele>
						<time>2026-09-12T06:11:16Z</time>
					</trkpt>
					<trkpt lat="48.789800" lon="2.641590">
						<ele>102</ele>
						<time>2026-09-12T06:11:17Z</time>
					</trkpt>
					<trkpt lat="48.789760" lon="2.641500">
						<ele>102</ele>
						<time>2026-09-12T06:11:18Z</time>
					</trkpt>
					<trkpt lat="48.789700" lon="2.641430">
						<ele>102</ele>
						<time>2026-09-12T06:11:20Z</time>
					</trkpt>
					<trkpt lat="48.789580" lon="2.641390">
						<ele>102</ele>
						<time>2026-09-12T06:11:22Z</time>
					</trkpt>
					<trkpt lat="48.789490" lon="2.641430">
						<ele>103</ele>
						<time>2026-09-12T06:11:24Z</time>
					</trkpt>
					<trkpt lat="48.789450" lon="2.641480">
						<ele>103</ele>
						<time>2026-09-12T06:11:25Z</time>
					</trkpt>
					<trkpt lat="48.789400" lon="2.641590">
						<ele>103</ele>
						<time>2026-09-12T06:11:26Z</time>
					</trkpt>
					<trkpt lat="48.789390" lon="2.641670">
						<ele>103</ele>
						<time>2026-09-12T06:11:27Z</time>
					</trkpt>
					<trkpt lat="48.789400" lon="2.641840">
						<ele>103</ele>
						<time>2026-09-12T06:11:29Z</time>
					</trkpt>
					<trkpt lat="48.789440" lon="2.641940">
						<ele>103</ele>
						<time>2026-09-12T06:11:30Z</time>
					</trkpt>
					<trkpt lat="48.789530" lon="2.642260">
						<ele>103</ele>
						<time>2026-09-12T06:11:34Z</time>
					</trkpt>
					<trkpt lat="48.789610" lon="2.642690">
						<ele>102</ele>
						<time>2026-09-12T06:11:40Z</time>
					</trkpt>
					<trkpt lat="48.789670" lon="2.643150">
						<ele>102</ele>
						<time>2026-09-12T06:11:45Z</time>
					</trkpt>
					<trkpt lat="48.789700" lon="2.643560">
						<ele>102</ele>
						<time>2026-09-12T06:11:50Z</time>
					</trkpt>
					<trkpt lat="48.789710" lon="2.644000">
						<ele>102</ele>
						<time>2026-09-12T06:11:55Z</time>
					</trkpt>
					<trkpt lat="48.789670" lon="2.647130">
						<ele>104</ele>
						<time>2026-09-12T06:12:32Z</time>
					</trkpt>
					<trkpt lat="48.789690" lon="2.647520">
						<ele>104</ele>
						<time>2026-09-12T06:12:36Z</time>
					</trkpt>
					<trkpt lat="48.789820" lon="2.648500">
						<ele>104</ele>
						<time>2026-09-12T06:12:48Z</time>
					</trkpt>
					<trkpt lat="48.789880" lon="2.648860">
						<ele>104</ele>
						<time>2026-09-12T06:12:53Z</time>
					</trkpt>
					<trkpt lat="48.789950" lon="2.649120">
						<ele>104</ele>
						<time>2026-09-12T06:12:56Z</time>
					</trkpt>
					<trkpt lat="48.789970" lon="2.649470">
						<ele>104</ele>
						<time>2026-09-12T06:13:00Z</time>
					</trkpt>
					<trkpt lat="48.789920" lon="2.649560">
						<ele>104</ele>
						<time>2026-09-12T06:13:01Z</time>
					</trkpt>
					<trkpt lat="48.789900" lon="2.649610">
						<ele>104</ele>
						<time>2026-09-12T06:13:02Z</time>
					</trkpt>
					<trkpt lat="48.789910" lon="2.649730">
						<ele>104</ele>
						<time>2026-09-12T06:13:03Z</time>
					</trkpt>
					<trkpt lat="48.789860" lon="2.649900">
						<ele>104</ele>
						<time>2026-09-12T06:13:06Z</time>
					</trkpt>
					<trkpt lat="48.789870" lon="2.650100">
						<ele>105</ele>
						<time>2026-09-12T06:13:08Z</time>
					</trkpt>
					<trkpt lat="48.789940" lon="2.651160">
						<ele>105</ele>
						<time>2026-09-12T06:13:20Z</time>
					</trkpt>
					<trkpt lat="48.790060" lon="2.651760">
						<ele>106</ele>
						<time>2026-09-12T06:13:28Z</time>
					</trkpt>
					<trkpt lat="48.790130" lon="2.652240">
						<ele>106</ele>
						<time>2026-09-12T06:13:34Z</time>
					</trkpt>
					<trkpt lat="48.790100" lon="2.652570">
						<ele>106</ele>
						<time>2026-09-12T06:13:38Z</time>
					</trkpt>
					<trkpt lat="48.789930" lon="2.653270">
						<ele>108</ele>
						<time>2026-09-12T06:13:46Z</time>
					</trkpt>
					<trkpt lat="48.789960" lon="2.653380">
						<ele>108</ele>
						<time>2026-09-12T06:13:48Z</time>
					</trkpt>
					<trkpt lat="48.790160" lon="2.656330">
						<ele>109</ele>
						<time>2026-09-12T06:14:22Z</time>
					</trkpt>
					<trkpt lat="48.790080" lon="2.656490">
						<ele>108</ele>
						<time>2026-09-12T06:14:25Z</time>
					</trkpt>
					<trkpt lat="48.789970" lon="2.656560">
						<ele>108</ele>
						<time>2026-09-12T06:14:27Z</time>
					</trkpt>
					<trkpt lat="48.789340" lon="2.656440">
						<ele>109</ele>
						<time>2026-09-12T06:14:38Z</time>
					</trkpt>
					<trkpt lat="48.788350" lon="2.656380">
						<ele>109</ele>
						<time>2026-09-12T06:14:56Z</time>
					</trkpt>
					<trkpt lat="48.788160" lon="2.656330">
						<ele>109</ele>
						<time>2026-09-12T06:14:59Z</time>
					</trkpt>
					<trkpt lat="48.787190" lon="2.656360">
						<ele>109</ele>
						<time>2026-09-12T06:15:17Z</time>
					</trkpt>
					<trkpt lat="48.787140" lon="2.656350">
						<ele>109</ele>
						<time>2026-09-12T06:15:17Z</time>
					</trkpt>
					<trkpt lat="48.787070" lon="2.656310">
						<ele>109</ele>
						<time>2026-09-12T06:15:19Z</time>
					</trkpt>
					<trkpt lat="48.786960" lon="2.656310">
						<ele>109</ele>
						<time>2026-09-12T06:15:21Z</time>
					</trkpt>
					<trkpt lat="48.786830" lon="2.656350">
						<ele>109</ele>
						<time>2026-09-12T06:15:23Z</time>
					</trkpt>
					<trkpt lat="48.786150" lon="2.656370">
						<ele>109</ele>
						<time>2026-09-12T06:15:35Z</time>
					</trkpt>
					<trkpt lat="48.785280" lon="2.656520">
						<ele>108</ele>
						<time>2026-09-12T06:15:51Z</time>
					</trkpt>
					<trkpt lat="48.784960" lon="2.656560">
						<ele>108</ele>
						<time>2026-09-12T06:15:56Z</time>
					</trkpt>
					<trkpt lat="48.784780" lon="2.656530">
						<ele>108</ele>
						<time>2026-09-12T06:16:00Z</time>
					</trkpt>
					<trkpt lat="48.784300" lon="2.656800">
						<ele>107</ele>
						<time>2026-09-12T06:16:09Z</time>
					</trkpt>
					<trkpt lat="48.782720" lon="2.657720">
						<ele>108</ele>
						<time>2026-09-12T06:16:39Z</time>
					</trkpt>
					<trkpt lat="48.782430" lon="2.657800">
						<ele>108</ele>
						<time>2026-09-12T06:16:44Z</time>
					</trkpt>
					<trkpt lat="48.782420" lon="2.657730">
						<ele>108</ele>
						<time>2026-09-12T06:16:45Z</time>
					</trkpt>
					<trkpt lat="48.782380" lon="2.657670">
						<ele>108</ele>
						<time>2026-09-12T06:16:46Z</time>
					</trkpt>
					<trkpt lat="48.782320" lon="2.657650">
						<ele>108</ele>
						<time>2026-09-12T06:16:47Z</time>
					</trkpt>
					<trkpt lat="48.782260" lon="2.657690">
						<ele>108</ele>
						<time>2026-09-12T06:16:48Z</time>
					</trkpt>
					<trkpt lat="48.782230" lon="2.657740">
						<ele>108</ele>
						<time>2026-09-12T06:16:49Z</time>
					</trkpt>
					<trkpt lat="48.782220" lon="2.657810">
						<ele>108</ele>
						<time>2026-09-12T06:16:50Z</time>
					</trkpt>
					<trkpt lat="48.782230" lon="2.657890">
						<ele>108</ele>
						<time>2026-09-12T06:16:51Z</time>
					</trkpt>
					<trkpt lat="48.780600" lon="2.659050">
						<ele>108</ele>
						<time>2026-09-12T06:17:23Z</time>
					</trkpt>
					<trkpt lat="48.780440" lon="2.659190">
						<ele>108</ele>
						<time>2026-09-12T06:17:26Z</time>
					</trkpt>
					<trkpt lat="48.777530" lon="2.662570">
						<ele>107</ele>
						<time>2026-09-12T06:18:31Z</time>
					</trkpt>
					<trkpt lat="48.777290" lon="2.662800">
						<ele>107</ele>
						<time>2026-09-12T06:18:36Z</time>
					</trkpt>
					<trkpt lat="48.776890" lon="2.663110">
						<ele>107</ele>
						<time>2026-09-12T06:18:44Z</time>
					</trkpt>
					<trkpt lat="48.775100" lon="2.664280">
						<ele>106</ele>
						<time>2026-09-12T06:19:19Z</time>
					</trkpt>
					<trkpt lat="48.774890" lon="2.664460">
						<ele>107</ele>
						<time>2026-09-12T06:19:23Z</time>
					</trkpt>
					<trkpt lat="48.774590" lon="2.664870">
						<ele>109</ele>
						<time>2026-09-12T06:19:31Z</time>
					</trkpt>
					<trkpt lat="48.773760" lon="2.666310">
						<ele>111</ele>
						<time>2026-09-12T06:19:53Z</time>
					</trkpt>
					<trkpt lat="48.773410" lon="2.666730">
						<ele>112</ele>
						<time>2026-09-12T06:20:01Z</time>
					</trkpt>
					<trkpt lat="48.773230" lon="2.666870">
						<ele>112</ele>
						<time>2026-09-12T06:20:05Z</time>
					</trkpt>
					<trkpt lat="48.772910" lon="2.667050">
						<ele>111</ele>
						<time>2026-09-12T06:20:11Z</time>
					</trkpt>
					<trkpt lat="48.772460" lon="2.667220">
						<ele>110</ele>
						<time>2026-09-12T06:20:19Z</time>
					</trkpt>
					<trkpt lat="48.769270" lon="2.668240">
						<ele>107</ele>
						<time>2026-09-12T06:21:17Z</time>
					</trkpt>
					<trkpt lat="48.768340" lon="2.668600">
						<ele>106</ele>
						<time>2026-09-12T06:21:34Z</time>
					</trkpt>
					<trkpt lat="48.768180" lon="2.668600">
						<ele>106</ele>
						<time>2026-09-12T06:21:37Z</time>
					</trkpt>
					<trkpt lat="48.767930" lon="2.668550">
						<ele>107</ele>
						<time>2026-09-12T06:21:41Z</time>
					</trkpt>
					<trkpt lat="48.767780" lon="2.668620">
						<ele>107</ele>
						<time>2026-09-12T06:21:44Z</time>
					</trkpt>
					<trkpt lat="48.767760" lon="2.668550">
						<ele>107</ele>
						<time>2026-09-12T06:21:45Z</time>
					</trkpt>
					<trkpt lat="48.767680" lon="2.668460">
						<ele>108</ele>
						<time>2026-09-12T06:21:47Z</time>
					</trkpt>
					<trkpt lat="48.767630" lon="2.668440">
						<ele>108</ele>
						<time>2026-09-12T06:21:48Z</time>
					</trkpt>
					<trkpt lat="48.767530" lon="2.668480">
						<ele>108</ele>
						<time>2026-09-12T06:21:49Z</time>
					</trkpt>
					<trkpt lat="48.767460" lon="2.668350">
						<ele>108</ele>
						<time>2026-09-12T06:21:51Z</time>
					</trkpt>
					<trkpt lat="48.767370" lon="2.668110">
						<ele>108</ele>
						<time>2026-09-12T06:21:55Z</time>
					</trkpt>
					<trkpt lat="48.767210" lon="2.667360">
						<ele>107</ele>
						<time>2026-09-12T06:22:04Z</time>
					</trkpt>
					<trkpt lat="48.767060" lon="2.666830">
						<ele>107</ele>
						<time>2026-09-12T06:22:11Z</time>
					</trkpt>
					<trkpt lat="48.766960" lon="2.666520">
						<ele>107</ele>
						<time>2026-09-12T06:22:15Z</time>
					</trkpt>
					<trkpt lat="48.766850" lon="2.666240">
						<ele>107</ele>
						<time>2026-09-12T06:22:19Z</time>
					</trkpt>
					<trkpt lat="48.766570" lon="2.665610">
						<ele>107</ele>
						<time>2026-09-12T06:22:27Z</time>
					</trkpt>
					<trkpt lat="48.766390" lon="2.665350">
						<ele>107</ele>
						<time>2026-09-12T06:22:32Z</time>
					</trkpt>
					<trkpt lat="48.766230" lon="2.665190">
						<ele>107</ele>
						<time>2026-09-12T06:22:35Z</time>
					</trkpt>
					<trkpt lat="48.766060" lon="2.665070">
						<ele>107</ele>
						<time>2026-09-12T06:22:39Z</time>
					</trkpt>
					<trkpt lat="48.765830" lon="2.664980">
						<ele>107</ele>
						<time>2026-09-12T06:22:43Z</time>
					</trkpt>
					<trkpt lat="48.765590" lon="2.664980">
						<ele>107</ele>
						<time>2026-09-12T06:22:47Z</time>
					</trkpt>
					<trkpt lat="48.764600" lon="2.665250">
						<ele>105</ele>
						<time>2026-09-12T06:23:05Z</time>
					</trkpt>
					<trkpt lat="48.764350" lon="2.665300">
						<ele>105</ele>
						<time>2026-09-12T06:23:10Z</time>
					</trkpt>
					<trkpt lat="48.764170" lon="2.665320">
						<ele>104</ele>
						<time>2026-09-12T06:23:13Z</time>
					</trkpt>
					<trkpt lat="48.763810" lon="2.665310">
						<ele>104</ele>
						<time>2026-09-12T06:23:19Z</time>
					</trkpt>
					<trkpt lat="48.763650" lon="2.665280">
						<ele>104</ele>
						<time>2026-09-12T06:23:22Z</time>
					</trkpt>
					<trkpt lat="48.763310" lon="2.665170">
						<ele>104</ele>
						<time>2026-09-12T06:23:28Z</time>
					</trkpt>
					<trkpt lat="48.763310" lon="2.665070">
						<ele>104</ele>
						<time>2026-09-12T06:23:29Z</time>
					</trkpt>
					<trkpt lat="48.763290" lon="2.665030">
						<ele>104</ele>
						<time>2026-09-12T06:23:30Z</time>
					</trkpt>
					<trkpt lat="48.763240" lon="2.664980">
						<ele>104</ele>
						<time>2026-09-12T06:23:31Z</time>
					</trkpt>
					<trkpt lat="48.763180" lon="2.664970">
						<ele>104</ele>
						<time>2026-09-12T06:23:32Z</time>
					</trkpt>
					<trkpt lat="48.763130" lon="2.665020">
						<ele>104</ele>
						<time>2026-09-12T06:23:33Z</time>
					</trkpt>
					<trkpt lat="48.762940" lon="2.665080">
						<ele>104</ele>
						<time>2026-09-12T06:23:37Z</time>
					</trkpt>
					<trkpt lat="48.762740" lon="2.665010">
						<ele>105</ele>
						<time>2026-09-12T06:23:40Z</time>
					</trkpt>
					<trkpt lat="48.762600" lon="2.664910">
						<ele>105</ele>
						<time>2026-09-12T06:23:43Z</time>
					</trkpt>
					<trkpt lat="48.762330" lon="2.664600">
						<ele>105</ele>
						<time>2026-09-12T06:23:49Z</time>
					</trkpt>
					<trkpt lat="48.762130" lon="2.664340">
						<ele>105</ele>
						<time>2026-09-12T06:23:54Z</time>
					</trkpt>
					<trkpt lat="48.761870" lon="2.663950">
						<ele>105</ele>
						<time>2026-09-12T06:24:00Z</time>
					</trkpt>
					<trkpt lat="48.761460" lon="2.663380">
						<ele>106</ele>
						<time>2026-09-12T06:24:10Z</time>
					</trkpt>
					<trkpt lat="48.761110" lon="2.662920">
						<ele>106</ele>
						<time>2026-09-12T06:24:18Z</time>
					</trkpt>
					<trkpt lat="48.761040" lon="2.662820">
						<ele>106</ele>
						<time>2026-09-12T06:24:20Z</time>
					</trkpt>
					<trkpt lat="48.761060" lon="2.662740">
						<ele>106</ele>
						<time>2026-09-12T06:24:21Z</time>
					</trkpt>
					<trkpt lat="48.761040" lon="2.662610">
						<ele>106</ele>
						<time>2026-09-12T06:24:23Z</time>
					</trkpt>
					<trkpt lat="48.761010" lon="2.662580">
						<ele>106</ele>
						<time>2026-09-12T06:24:23Z</time>
					</trkpt>
					<trkpt lat="48.760950" lon="2.662550">
						<ele>106</ele>
						<time>2026-09-12T06:24:24Z</time>
					</trkpt>
					<trkpt lat="48.760890" lon="2.662580">
						<ele>106</ele>
						<time>2026-09-12T06:24:26Z</time>
					</trkpt>
					<trkpt lat="48.760870" lon="2.662610">
						<ele>106</ele>
						<time>2026-09-12T06:24:26Z</time>
					</trkpt>
					<trkpt lat="48.760770" lon="2.662480">
						<ele>106</ele>
						<time>2026-09-12T06:24:28Z</time>
					</trkpt>
					<trkpt lat="48.759450" lon="2.660750">
						<ele>104</ele>
						<time>2026-09-12T06:24:59Z</time>
					</trkpt>
					<trkpt lat="48.758830" lon="2.659820">
						<ele>102</ele>
						<time>2026-09-12T06:25:15Z</time>
					</trkpt>
					<trkpt lat="48.757960" lon="2.658380">
						<ele>103</ele>
						<time>2026-09-12T06:25:38Z</time>
					</trkpt>
					<trkpt lat="48.757750" lon="2.658000">
						<ele>102</ele>
						<time>2026-09-12T06:25:44Z</time>
					</trkpt>
					<trkpt lat="48.756470" lon="2.655480">
						<ele>101</ele>
						<time>2026-09-12T06:26:21Z</time>
					</trkpt>
					<trkpt lat="48.755320" lon="2.653480">
						<ele>102</ele>
						<time>2026-09-12T06:26:52Z</time>
					</trkpt>
					<trkpt lat="48.755120" lon="2.653070">
						<ele>102</ele>
						<time>2026-09-12T06:26:58Z</time>
					</trkpt>
					<trkpt lat="48.754960" lon="2.652590">
						<ele>103</ele>
						<time>2026-09-12T06:27:04Z</time>
					</trkpt>
					<trkpt lat="48.754470" lon="2.650830">
						<ele>106</ele>
						<time>2026-09-12T06:27:27Z</time>
					</trkpt>
					<trkpt lat="48.754000" lon="2.649370">
						<ele>106</ele>
						<time>2026-09-12T06:27:46Z</time>
					</trkpt>
					<trkpt lat="48.753540" lon="2.647340">
						<ele>103</ele>
						<time>2026-09-12T06:28:11Z</time>
					</trkpt>
					<trkpt lat="48.753480" lon="2.647140">
						<ele>103</ele>
						<time>2026-09-12T06:28:14Z</time>
					</trkpt>
					<trkpt lat="48.753370" lon="2.646890">
						<ele>102</ele>
						<time>2026-09-12T06:28:17Z</time>
					</trkpt>
					<trkpt lat="48.753200" lon="2.646580">
						<ele>103</ele>
						<time>2026-09-12T06:28:22Z</time>
					</trkpt>
					<trkpt lat="48.752840" lon="2.646100">
						<ele>105</ele>
						<time>2026-09-12T06:28:30Z</time>
					</trkpt>
					<trkpt lat="48.752710" lon="2.645860">
						<ele>105</ele>
						<time>2026-09-12T06:28:34Z</time>
					</trkpt>
					<trkpt lat="48.752470" lon="2.645290">
						<ele>106</ele>
						<time>2026-09-12T06:28:42Z</time>
					</trkpt>
					<trkpt lat="48.752350" lon="2.644890">
						<ele>106</ele>
						<time>2026-09-12T06:28:47Z</time>
					</trkpt>
					<trkpt lat="48.752090" lon="2.643670">
						<ele>107</ele>
						<time>2026-09-12T06:29:02Z</time>
					</trkpt>
					<trkpt lat="48.751460" lon="2.641750">
						<ele>111</ele>
						<time>2026-09-12T06:29:27Z</time>
					</trkpt>
					<trkpt lat="48.751190" lon="2.641210">
						<ele>110</ele>
						<time>2026-09-12T06:29:35Z</time>
					</trkpt>
					<trkpt lat="48.751060" lon="2.641000">
						<ele>109</ele>
						<time>2026-09-12T06:29:39Z</time>
					</trkpt>
					<trkpt lat="48.750870" lon="2.640810">
						<ele>109</ele>
						<time>2026-09-12T06:29:43Z</time>
					</trkpt>
					<trkpt lat="48.750450" lon="2.640500">
						<ele>108</ele>
						<time>2026-09-12T06:29:51Z</time>
					</trkpt>
					<trkpt lat="48.750470" lon="2.640410">
						<ele>107</ele>
						<time>2026-09-12T06:29:52Z</time>
					</trkpt>
					<trkpt lat="48.750450" lon="2.640320">
						<ele>107</ele>
						<time>2026-09-12T06:29:53Z</time>
					</trkpt>
					<trkpt lat="48.750390" lon="2.640260">
						<ele>107</ele>
						<time>2026-09-12T06:29:55Z</time>
					</trkpt>
					<trkpt lat="48.750360" lon="2.640260">
						<ele>107</ele>
						<time>2026-09-12T06:29:55Z</time>
					</trkpt>
					<trkpt lat="48.750290" lon="2.640320">
						<ele>107</ele>
						<time>2026-09-12T06:29:56Z</time>
					</trkpt>
					<trkpt lat="48.750170" lon="2.640130">
						<ele>106</ele>
						<time>2026-09-12T06:30:00Z</time>
					</trkpt>
					<trkpt lat="48.750100" lon="2.639970">
						<ele>105</ele>
						<time>2026-09-12T06:30:02Z</time>
					</trkpt>
					<trkpt lat="48.749910" lon="2.639730">
						<ele>104</ele>
						<time>2026-09-12T06:30:06Z</time>
					</trkpt>
					<trkpt lat="48.749260" lon="2.639040">
						<ele>105</ele>
						<time>2026-09-12T06:30:20Z</time>
					</trkpt>
					<trkpt lat="48.748710" lon="2.638380">
						<ele>104</ele>
						<time>2026-09-12T06:30:33Z</time>
					</trkpt>
					<trkpt lat="48.748330" lon="2.637830">
						<ele>104</ele>
						<time>2026-09-12T06:30:42Z</time>
					</trkpt>
					<trkpt lat="48.748020" lon="2.637320">
						<ele>103</ele>
						<time>2026-09-12T06:30:50Z</time>
					</trkpt>
					<trkpt lat="48.747790" lon="2.636940">
						<ele>102</ele>
						<time>2026-09-12T06:30:56Z</time>
					</trkpt>
					<trkpt lat="48.747720" lon="2.636690">
						<ele>102</ele>
						<time>2026-09-12T06:31:00Z</time>
					</trkpt>
					<trkpt lat="48.747710" lon="2.636530">
						<ele>102</ele>
						<time>2026-09-12T06:31:01Z</time>
					</trkpt>
					<trkpt lat="48.747720" lon="2.636360">
						<ele>102</ele>
						<time>2026-09-12T06:31:03Z</time>
					</trkpt>
					<trkpt lat="48.747770" lon="2.636180">
						<ele>102</ele>
						<time>2026-09-12T06:31:06Z</time>
					</trkpt>
					<trkpt lat="48.747820" lon="2.636040">
						<ele>102</ele>
						<time>2026-09-12T06:31:08Z</time>
					</trkpt>
					<trkpt lat="48.747660" lon="2.636040">
						<ele>102</ele>
						<time>2026-09-12T06:31:10Z</time>
					</trkpt>
					<trkpt lat="48.747320" lon="2.636250">
						<ele>102</ele>
						<time>2026-09-12T06:31:17Z</time>
					</trkpt>
					<trkpt lat="48.747050" lon="2.636260">
						<ele>101</ele>
						<time>2026-09-12T06:31:22Z</time>
					</trkpt>
					<trkpt lat="48.746910" lon="2.636230">
						<ele>101</ele>
						<time>2026-09-12T06:31:24Z</time>
					</trkpt>
					<trkpt lat="48.746770" lon="2.636110">
						<ele>101</ele>
						<time>2026-09-12T06:31:27Z</time>
					</trkpt>
					<trkpt lat="48.746250" lon="2.635440">
						<ele>99</ele>
						<time>2026-09-12T06:31:39Z</time>
					</trkpt>
					<trkpt lat="48.746060" lon="2.635340">
						<ele>99</ele>
						<time>2026-09-12T06:31:43Z</time>
					</trkpt>
					<trkpt lat="48.745500" lon="2.635210">
						<ele>99</ele>
						<time>2026-09-12T06:31:53Z</time>
					</trkpt>
					<trkpt lat="48.745280" lon="2.635130">
						<ele>100</ele>
						<time>2026-09-12T06:31:57Z</time>
					</trkpt>
					<trkpt lat="48.745130" lon="2.635040">
						<ele>100</ele>
						<time>2026-09-12T06:32:00Z</time>
					</trkpt>
					<trkpt lat="48.744730" lon="2.634670">
						<ele>100</ele>
						<time>2026-09-12T06:32:08Z</time>
					</trkpt>
					<trkpt lat="48.744550" lon="2.634540">
						<ele>100</ele>
						<time>2026-09-12T06:32:12Z</time>
					</trkpt>
					<trkpt lat="48.744360" lon="2.634440">
						<ele>100</ele>
						<time>2026-09-12T06:32:15Z</time>
					</trkpt>
					<trkpt lat="48.743880" lon="2.634320">
						<ele>100</ele>
						<time>2026-09-12T06:32:24Z</time>
					</trkpt>
					<trkpt lat="48.743750" lon="2.634310">
						<ele>101</ele>
						<time>2026-09-12T06:32:26Z</time>
					</trkpt>
					<trkpt lat="48.743120" lon="2.633990">
						<ele>101</ele>
						<time>2026-09-12T06:32:38Z</time>
					</trkpt>
					<trkpt lat="48.742980" lon="2.633880">
						<ele>100</ele>
						<time>2026-09-12T06:32:41Z</time>
					</trkpt>
					<trkpt lat="48.742780" lon="2.633700">
						<ele>100</ele>
						<time>2026-09-12T06:32:45Z</time>
					</trkpt>
					<trkpt lat="48.742040" lon="2.632860">
						<ele>100</ele>
						<time>2026-09-12T06:33:02Z</time>
					</trkpt>
					<trkpt lat="48.741870" lon="2.632690">
						<ele>101</ele>
						<time>2026-09-12T06:33:05Z</time>
					</trkpt>
					<trkpt lat="48.741670" lon="2.632560">
						<ele>101</ele>
						<time>2026-09-12T06:33:09Z</time>
					</trkpt>
					<trkpt lat="48.741370" lon="2.632440">
						<ele>101</ele>
						<time>2026-09-12T06:33:15Z</time>
					</trkpt>
					<trkpt lat="48.740670" lon="2.632280">
						<ele>101</ele>
						<time>2026-09-12T06:33:27Z</time>
					</trkpt>
					<trkpt lat="48.738970" lon="2.632360">
						<ele>101</ele>
						<time>2026-09-12T06:33:57Z</time>
					</trkpt>
					<trkpt lat="48.738450" lon="2.632350">
						<ele>100</ele>
						<time>2026-09-12T06:34:07Z</time>
					</trkpt>
					<trkpt lat="48.737630" lon="2.632310">
						<ele>100</ele>
						<time>2026-09-12T06:34:21Z</time>
					</trkpt>
					<trkpt lat="48.737470" lon="2.632260">
						<ele>100</ele>
						<time>2026-09-12T06:34:24Z</time>
					</trkpt>
					<trkpt lat="48.737260" lon="2.632150">
						<ele>100</ele>
						<time>2026-09-12T06:34:28Z</time>
					</trkpt>
					<trkpt lat="48.737090" lon="2.632010">
						<ele>100</ele>
						<time>2026-09-12T06:34:32Z</time>
					</trkpt>
					<trkpt lat="48.736890" lon="2.631800">
						<ele>100</ele>
						<time>2026-09-12T06:34:36Z</time>
					</trkpt>
					<trkpt lat="48.736140" lon="2.630920">
						<ele>100</ele>
						<time>2026-09-12T06:34:53Z</time>
					</trkpt>
					<trkpt lat="48.736040" lon="2.630760">
						<ele>100</ele>
						<time>2026-09-12T06:34:55Z</time>
					</trkpt>
					<trkpt lat="48.736010" lon="2.630680">
						<ele>100</ele>
						<time>2026-09-12T06:34:56Z</time>
					</trkpt>
					<trkpt lat="48.735960" lon="2.630310">
						<ele>101</ele>
						<time>2026-09-12T06:35:01Z</time>
					</trkpt>
					<trkpt lat="48.735850" lon="2.630220">
						<ele>101</ele>
						<time>2026-09-12T06:35:03Z</time>
					</trkpt>
					<trkpt lat="48.735500" lon="2.629320">
						<ele>100</ele>
						<time>2026-09-12T06:35:15Z</time>
					</trkpt>
					<trkpt lat="48.735420" lon="2.629170">
						<ele>99</ele>
						<time>2026-09-12T06:35:18Z</time>
					</trkpt>
					<trkpt lat="48.735330" lon="2.629070">
						<ele>98</ele>
						<time>2026-09-12T06:35:20Z</time>
					</trkpt>
					<trkpt lat="48.734640" lon="2.628550">
						<ele>91</ele>
						<time>2026-09-12T06:35:33Z</time>
					</trkpt>
					<trkpt lat="48.733860" lon="2.628180">
						<ele>84</ele>
						<time>2026-09-12T06:35:48Z</time>
					</trkpt>
					<trkpt lat="48.732700" lon="2.627640">
						<ele>88</ele>
						<time>2026-09-12T06:36:09Z</time>
					</trkpt>
					<trkpt lat="48.732790" lon="2.627110">
						<ele>88</ele>
						<time>2026-09-12T06:36:16Z</time>
					</trkpt>
					<trkpt lat="48.732900" lon="2.626680">
						<ele>89</ele>
						<time>2026-09-12T06:36:21Z</time>
					</trkpt>
					<trkpt lat="48.731510" lon="2.626240">
						<ele>94</ele>
						<time>2026-09-12T06:36:47Z</time>
					</trkpt>
					<trkpt lat="48.731410" lon="2.626200">
						<ele>94</ele>
						<time>2026-09-12T06:36:48Z</time>
					</trkpt>
					<trkpt lat="48.731320" lon="2.626220">
						<ele>94</ele>
						<time>2026-09-12T06:36:50Z</time>
					</trkpt>
					<trkpt lat="48.731270" lon="2.626340">
						<ele>94</ele>
						<time>2026-09-12T06:36:52Z</time>
					</trkpt>
					<trkpt lat="48.731180" lon="2.627050">
						<ele>95</ele>
						<time>2026-09-12T06:37:00Z</time>
					</trkpt>
					<trkpt lat="48.731010" lon="2.628640">
						<ele>95</ele>
						<time>2026-09-12T06:37:19Z</time>
					</trkpt>
					<trkpt lat="48.730880" lon="2.630090">
						<ele>95</ele>
						<time>2026-09-12T06:37:36Z</time>
					</trkpt>
					<trkpt lat="48.730420" lon="2.632290">
						<ele>97</ele>
						<time>2026-09-12T06:38:03Z</time>
					</trkpt>
					<trkpt lat="48.730320" lon="2.632800">
						<ele>97</ele>
						<time>2026-09-12T06:38:10Z</time>
					</trkpt>
					<trkpt lat="48.730320" lon="2.632960">
						<ele>97</ele>
						<time>2026-09-12T06:38:11Z</time>
					</trkpt>
					<trkpt lat="48.730310" lon="2.633020">
						<ele>97</ele>
						<time>2026-09-12T06:38:12Z</time>
					</trkpt>
					<trkpt lat="48.730270" lon="2.633090">
						<ele>97</ele>
						<time>2026-09-12T06:38:13Z</time>
					</trkpt>
					<trkpt lat="48.730240" lon="2.633190">
						<ele>97</ele>
						<time>2026-09-12T06:38:15Z</time>
					</trkpt>
					<trkpt lat="48.730090" lon="2.634040">
						<ele>96</ele>
						<time>2026-09-12T06:38:25Z</time>
					</trkpt>
					<trkpt lat="48.729980" lon="2.634600">
						<ele>97</ele>
						<time>2026-09-12T06:38:32Z</time>
					</trkpt>
					<trkpt lat="48.729720" lon="2.635720">
						<ele>96</ele>
						<time>2026-09-12T06:38:46Z</time>
					</trkpt>
					<trkpt lat="48.729540" lon="2.636320">
						<ele>96</ele>
						<time>2026-09-12T06:38:53Z</time>
					</trkpt>
					<trkpt lat="48.729380" lon="2.636750">
						<ele>97</ele>
						<time>2026-09-12T06:38:59Z</time>
					</trkpt>
					<trkpt lat="48.728320" lon="2.639450">
						<ele>98</ele>
						<time>2026-09-12T06:39:36Z</time>
					</trkpt>
					<trkpt lat="48.728130" lon="2.639870">
						<ele>100</ele>
						<time>2026-09-12T06:39:42Z</time>
					</trkpt>
					<trkpt lat="48.727530" lon="2.641050">
						<ele>99</ele>
						<time>2026-09-12T06:39:59Z</time>
					</trkpt>
					<trkpt lat="48.727470" lon="2.641150">
						<ele>99</ele>
						<time>2026-09-12T06:40:01Z</time>
					</trkpt>
					<trkpt lat="48.727030" lon="2.641700">
						<ele>97</ele>
						<time>2026-09-12T06:40:11Z</time>
					</trkpt>
					<trkpt lat="48.726920" lon="2.641890">
						<ele>98</ele>
						<time>2026-09-12T06:40:14Z</time>
					</trkpt>
					<trkpt lat="48.726780" lon="2.642180">
						<ele>98</ele>
						<time>2026-09-12T06:40:18Z</time>
					</trkpt>
					<trkpt lat="48.726390" lon="2.643100">
						<ele>98</ele>
						<time>2026-09-12T06:40:31Z</time>
					</trkpt>
					<trkpt lat="48.721590" lon="2.652230">
						<ele>102</ele>
						<time>2026-09-12T06:42:48Z</time>
					</trkpt>
					<trkpt lat="48.721550" lon="2.652180">
						<ele>102</ele>
						<time>2026-09-12T06:42:49Z</time>
					</trkpt>
					<trkpt lat="48.720510" lon="2.650720">
						<ele>102</ele>
						<time>2026-09-12T06:43:14Z</time>
					</trkpt>
					<trkpt lat="48.709110" lon="2.634860">
						<ele>94</ele>
						<time>2026-09-12T06:47:50Z</time>
					</trkpt>
					<trkpt lat="48.707410" lon="2.632040">
						<ele>95</ele>
						<time>2026-09-12T06:48:35Z</time>
					</trkpt>
					<trkpt lat="48.705040" lon="2.628160">
						<ele>97</ele>
						<time>2026-09-12T06:49:37Z</time>
					</trkpt>
					<trkpt lat="48.704360" lon="2.627050">
						<ele>96</ele>
						<time>2026-09-12T06:49:54Z</time>
					</trkpt>
					<trkpt lat="48.703050" lon="2.624910">
						<ele>93</ele>
						<time>2026-09-12T06:50:29Z</time>
					</trkpt>
					<trkpt lat="48.702560" lon="2.623980">
						<ele>93</ele>
						<time>2026-09-12T06:50:43Z</time>
					</trkpt>
					<trkpt lat="48.702530" lon="2.623710">
						<ele>92</ele>
						<time>2026-09-12T06:50:46Z</time>
					</trkpt>
					<trkpt lat="48.702570" lon="2.623600">
						<ele>92</ele>
						<time>2026-09-12T06:50:47Z</time>
					</trkpt>
					<trkpt lat="48.702590" lon="2.623470">
						<ele>92</ele>
						<time>2026-09-12T06:50:49Z</time>
					</trkpt>
					<trkpt lat="48.702580" lon="2.623370">
						<ele>92</ele>
						<time>2026-09-12T06:50:50Z</time>
					</trkpt>
					<trkpt lat="48.702520" lon="2.623210">
						<ele>92</ele>
						<time>2026-09-12T06:50:52Z</time>
					</trkpt>
					<trkpt lat="48.702410" lon="2.623110">
						<ele>92</ele>
						<time>2026-09-12T06:50:55Z</time>
					</trkpt>
					<trkpt lat="48.702350" lon="2.623090">
						<ele>92</ele>
						<time>2026-09-12T06:50:56Z</time>
					</trkpt>
					<trkpt lat="48.702280" lon="2.623090">
						<ele>92</ele>
						<time>2026-09-12T06:50:57Z</time>
					</trkpt>
					<trkpt lat="48.702180" lon="2.623150">
						<ele>92</ele>
						<time>2026-09-12T06:50:59Z</time>
					</trkpt>
					<trkpt lat="48.702030" lon="2.623050">
						<ele>91</ele>
						<time>2026-09-12T06:51:02Z</time>
					</trkpt>
					<trkpt lat="48.701530" lon="2.622420">
						<ele>91</ele>
						<time>2026-09-12T06:51:13Z</time>
					</trkpt>
					<trkpt lat="48.700980" lon="2.621550">
						<ele>93</ele>
						<time>2026-09-12T06:51:28Z</time>
					</trkpt>
					<trkpt lat="48.700790" lon="2.621460">
						<ele>93</ele>
						<time>2026-09-12T06:51:31Z</time>
					</trkpt>
					<trkpt lat="48.700800" lon="2.621410">
						<ele>93</ele>
						<time>2026-09-12T06:51:32Z</time>
					</trkpt>
					<trkpt lat="48.700780" lon="2.621300">
						<ele>93</ele>
						<time>2026-09-12T06:51:33Z</time>
					</trkpt>
					<trkpt lat="48.700750" lon="2.621270">
						<ele>93</ele>
						<time>2026-09-12T06:51:34Z</time>
					</trkpt>
					<trkpt lat="48.700690" lon="2.621230">
						<ele>93</ele>
						<time>2026-09-12T06:51:35Z</time>
					</trkpt>
					<trkpt lat="48.700640" lon="2.621030">
						<ele>93</ele>
						<time>2026-09-12T06:51:37Z</time>
					</trkpt>
					<trkpt lat="48.700590" lon="2.620910">
						<ele>93</ele>
						<time>2026-09-12T06:51:39Z</time>
					</trkpt>
					<trkpt lat="48.696460" lon="2.614160">
						<ele>86</ele>
						<time>2026-09-12T06:53:27Z</time>
					</trkpt>
					<trkpt lat="48.695890" lon="2.613260">
						<ele>86</ele>
						<time>2026-09-12T06:53:42Z</time>
					</trkpt>
					<trkpt lat="48.694630" lon="2.610580">
						<ele>84</ele>
						<time>2026-09-12T06:54:20Z</time>
					</trkpt>
					<trkpt lat="48.694420" lon="2.610300">
						<ele>84</ele>
						<time>2026-09-12T06:54:25Z</time>
					</trkpt>
					<trkpt lat="48.694330" lon="2.610260">
						<ele>84</ele>
						<time>2026-09-12T06:54:27Z</time>
					</trkpt>
					<trkpt lat="48.694330" lon="2.610200">
						<ele>83</ele>
						<time>2026-09-12T06:54:28Z</time>
					</trkpt>
					<trkpt lat="48.694290" lon="2.610180">
						<ele>83</ele>
						<time>2026-09-12T06:54:28Z</time>
					</trkpt>
					<trkpt lat="48.694260" lon="2.610210">
						<ele>83</ele>
						<time>2026-09-12T06:54:29Z</time>
					</trkpt>
					<trkpt lat="48.694270" lon="2.610270">
						<ele>83</ele>
						<time>2026-09-12T06:54:30Z</time>
					</trkpt>
					<trkpt lat="48.694180" lon="2.610380">
						<ele>83</ele>
						<time>2026-09-12T06:54:32Z</time>
					</trkpt>
					<trkpt lat="48.693460" lon="2.611260">
						<ele>83</ele>
						<time>2026-09-12T06:54:48Z</time>
					</trkpt>
					<trkpt lat="48.693260" lon="2.611460">
						<ele>83</ele>
						<time>2026-09-12T06:54:53Z</time>
					</trkpt>
					<trkpt lat="48.691340" lon="2.613190">
						<ele>83</ele>
						<time>2026-09-12T06:55:32Z</time>
					</trkpt>
					<trkpt lat="48.690850" lon="2.613630">
						<ele>83</ele>
						<time>2026-09-12T06:55:42Z</time>
					</trkpt>
					<trkpt lat="48.690710" lon="2.613770">
						<ele>83</ele>
						<time>2026-09-12T06:55:45Z</time>
					</trkpt>
					<trkpt lat="48.690540" lon="2.614000">
						<ele>83</ele>
						<time>2026-09-12T06:55:50Z</time>
					</trkpt>
					<trkpt lat="48.689900" lon="2.615110">
						<ele>84</ele>
						<time>2026-09-12T06:56:07Z</time>
					</trkpt>
					<trkpt lat="48.688690" lon="2.616990">
						<ele>88</ele>
						<time>2026-09-12T06:56:38Z</time>
					</trkpt>
					<trkpt lat="48.687590" lon="2.618710">
						<ele>89</ele>
						<time>2026-09-12T06:57:06Z</time>
					</trkpt>
					<trkpt lat="48.687540" lon="2.618660">
						<ele>89</ele>
						<time>2026-09-12T06:57:07Z</time>
					</trkpt>
					<trkpt lat="48.687450" lon="2.618630">
						<ele>89</ele>
						<time>2026-09-12T06:57:09Z</time>
					</trkpt>
					<trkpt lat="48.687140" lon="2.618620">
						<ele>88</ele>
						<time>2026-09-12T06:57:14Z</time>
					</trkpt>
					<trkpt lat="48.686950" lon="2.618670">
						<ele>88</ele>
						<time>2026-09-12T06:57:17Z</time>
					</trkpt>
					<trkpt lat="48.686170" lon="2.619000">
						<ele>88</ele>
						<time>2026-09-12T06:57:32Z</time>
					</trkpt>
					<trkpt lat="48.685950" lon="2.619160">
						<ele>87</ele>
						<time>2026-09-12T06:57:36Z</time>
					</trkpt>
					<trkpt lat="48.685710" lon="2.619350">
						<ele>87</ele>
						<time>2026-09-12T06:57:41Z</time>
					</trkpt>
					<trkpt lat="48.685500" lon="2.619560">
						<ele>87</ele>
						<time>2026-09-12T06:57:46Z</time>
					</trkpt>
					<trkpt lat="48.685150" lon="2.620020">
						<ele>87</ele>
						<time>2026-09-12T06:57:54Z</time>
					</trkpt>
					<trkpt lat="48.684900" lon="2.620400">
						<ele>85</ele>
						<time>2026-09-12T06:58:00Z</time>
					</trkpt>
					<trkpt lat="48.684640" lon="2.620850">
						<ele>83</ele>
						<time>2026-09-12T06:58:07Z</time>
					</trkpt>
					<trkpt lat="48.683690" lon="2.622640">
						<ele>81</ele>
						<time>2026-09-12T06:58:34Z</time>
					</trkpt>
					<trkpt lat="48.683390" lon="2.623100">
						<ele>83</ele>
						<time>2026-09-12T06:58:42Z</time>
					</trkpt>
					<trkpt lat="48.682830" lon="2.623770">
						<ele>84</ele>
						<time>2026-09-12T06:58:54Z</time>
					</trkpt>
					<trkpt lat="48.681530" lon="2.625890">
						<ele>90</ele>
						<time>2026-09-12T06:59:28Z</time>
					</trkpt>
					<trkpt lat="48.680380" lon="2.627720">
						<ele>91</ele>
						<time>2026-09-12T06:59:58Z</time>
					</trkpt>
					<trkpt lat="48.680200" lon="2.627930">
						<ele>92</ele>
						<time>2026-09-12T07:00:02Z</time>
					</trkpt>
					<trkpt lat="48.680130" lon="2.627990">
						<ele>92</ele>
						<time>2026-09-12T07:00:04Z</time>
					</trkpt>
					<trkpt lat="48.679910" lon="2.628080">
						<ele>92</ele>
						<time>2026-09-12T07:00:08Z</time>
					</trkpt>
					<trkpt lat="48.679750" lon="2.628100">
						<ele>92</ele>
						<time>2026-09-12T07:00:10Z</time>
					</trkpt>
					<trkpt lat="48.679520" lon="2.628090">
						<ele>91</ele>
						<time>2026-09-12T07:00:15Z</time>
					</trkpt>
					<trkpt lat="48.678470" lon="2.627900">
						<ele>90</ele>
						<time>2026-09-12T07:00:33Z</time>
					</trkpt>
					<trkpt lat="48.678140" lon="2.627760">
						<ele>89</ele>
						<time>2026-09-12T07:00:39Z</time>
					</trkpt>
					<trkpt lat="48.677460" lon="2.627290">
						<ele>90</ele>
						<time>2026-09-12T07:00:53Z</time>
					</trkpt>
					<trkpt lat="48.677170" lon="2.627200">
						<ele>90</ele>
						<time>2026-09-12T07:00:58Z</time>
					</trkpt>
					<trkpt lat="48.676530" lon="2.627080">
						<ele>91</ele>
						<time>2026-09-12T07:01:09Z</time>
					</trkpt>
					<trkpt lat="48.675430" lon="2.626740">
						<ele>91</ele>
						<time>2026-09-12T07:01:29Z</time>
					</trkpt>
					<trkpt lat="48.675100" lon="2.626610">
						<ele>91</ele>
						<time>2026-09-12T07:01:36Z</time>
					</trkpt>
					<trkpt lat="48.674660" lon="2.626360">
						<ele>92</ele>
						<time>2026-09-12T07:01:44Z</time>
					</trkpt>
					<trkpt lat="48.672550" lon="2.624990">
						<ele>89</ele>
						<time>2026-09-12T07:02:25Z</time>
					</trkpt>
					<trkpt lat="48.671980" lon="2.624640">
						<ele>86</ele>
						<time>2026-09-12T07:02:36Z</time>
					</trkpt>
					<trkpt lat="48.671110" lon="2.624180">
						<ele>83</ele>
						<time>2026-09-12T07:02:52Z</time>
					</trkpt>
					<trkpt lat="48.670680" lon="2.623910">
						<ele>81</ele>
						<time>2026-09-12T07:03:00Z</time>
					</trkpt>
					<trkpt lat="48.668360" lon="2.622240">
						<ele>71</ele>
						<time>2026-09-12T07:03:46Z</time>
					</trkpt>
					<trkpt lat="48.667790" lon="2.621810">
						<ele>72</ele>
						<time>2026-09-12T07:03:57Z</time>
					</trkpt>
					<trkpt lat="48.666600" lon="2.620780">
						<ele>70</ele>
						<time>2026-09-12T07:04:22Z</time>
					</trkpt>
					<trkpt lat="48.666270" lon="2.621450">
						<ele>70</ele>
						<time>2026-09-12T07:04:32Z</time>
					</trkpt>
					<trkpt lat="48.665960" lon="2.621960">
						<ele>69</ele>
						<time>2026-09-12T07:04:40Z</time>
					</trkpt>
					<trkpt lat="48.665640" lon="2.622590">
						<ele>67</ele>
						<time>2026-09-12T07:04:49Z</time>
					</trkpt>
					<trkpt lat="48.665090" lon="2.623830">
						<ele>67</ele>
						<time>2026-09-12T07:05:07Z</time>
					</trkpt>
					<trkpt lat="48.664970" lon="2.624150">
						<ele>67</ele>
						<time>2026-09-12T07:05:11Z</time>
					</trkpt>
					<trkpt lat="48.664720" lon="2.624950">
						<ele>65</ele>
						<time>2026-09-12T07:05:21Z</time>
					</trkpt>
					<trkpt lat="48.664660" lon="2.625100">
						<ele>64</ele>
						<time>2026-09-12T07:05:23Z</time>
					</trkpt>
					<trkpt lat="48.664570" lon="2.625230">
						<ele>63</ele>
						<time>2026-09-12T07:05:26Z</time>
					</trkpt>
					<trkpt lat="48.664480" lon="2.625320">
						<ele>63</ele>
						<time>2026-09-12T07:05:28Z</time>
					</trkpt>
					<trkpt lat="48.664360" lon="2.625370">
						<ele>62</ele>
						<time>2026-09-12T07:05:30Z</time>
					</trkpt>
					<trkpt lat="48.664260" lon="2.625400">
						<ele>62</ele>
						<time>2026-09-12T07:05:32Z</time>
					</trkpt>
					<trkpt lat="48.663710" lon="2.625390">
						<ele>61</ele>
						<time>2026-09-12T07:05:41Z</time>
					</trkpt>
					<trkpt lat="48.663410" lon="2.625450">
						<ele>60</ele>
						<time>2026-09-12T07:05:47Z</time>
					</trkpt>
					<trkpt lat="48.662010" lon="2.626070">
						<ele>59</ele>
						<time>2026-09-12T07:06:13Z</time>
					</trkpt>
					<trkpt lat="48.661750" lon="2.626200">
						<ele>58</ele>
						<time>2026-09-12T07:06:18Z</time>
					</trkpt>
					<trkpt lat="48.661140" lon="2.626580">
						<ele>55</ele>
						<time>2026-09-12T07:06:29Z</time>
					</trkpt>
					<trkpt lat="48.661020" lon="2.626780">
						<ele>54</ele>
						<time>2026-09-12T07:06:32Z</time>
					</trkpt>
					<trkpt lat="48.660980" lon="2.626940">
						<ele>54</ele>
						<time>2026-09-12T07:06:34Z</time>
					</trkpt>
					<trkpt lat="48.660970" lon="2.627160">
						<ele>54</ele>
						<time>2026-09-12T07:06:37Z</time>
					</trkpt>
					<trkpt lat="48.661000" lon="2.627340">
						<ele>53</ele>
						<time>2026-09-12T07:06:39Z</time>
					</trkpt>
					<trkpt lat="48.661020" lon="2.627800">
						<ele>53</ele>
						<time>2026-09-12T07:06:45Z</time>
					</trkpt>
					<trkpt lat="48.661060" lon="2.628320">
						<ele>52</ele>
						<time>2026-09-12T07:06:51Z</time>
					</trkpt>
					<trkpt lat="48.661020" lon="2.628540">
						<ele>53</ele>
						<time>2026-09-12T07:06:54Z</time>
					</trkpt>
					<trkpt lat="48.660960" lon="2.628730">
						<ele>53</ele>
						<time>2026-09-12T07:06:56Z</time>
					</trkpt>
					<trkpt lat="48.660840" lon="2.628910">
						<ele>53</ele>
						<time>2026-09-12T07:06:59Z</time>
					</trkpt>
					<trkpt lat="48.660690" lon="2.629060">
						<ele>55</ele>
						<time>2026-09-12T07:07:02Z</time>
					</trkpt>
					<trkpt lat="48.660110" lon="2.629560">
						<ele>60</ele>
						<time>2026-09-12T07:07:14Z</time>
					</trkpt>
					<trkpt lat="48.659310" lon="2.630140">
						<ele>69</ele>
						<time>2026-09-12T07:07:30Z</time>
					</trkpt>
					<trkpt lat="48.659120" lon="2.630320">
						<ele>72</ele>
						<time>2026-09-12T07:07:34Z</time>
					</trkpt>
					<trkpt lat="48.658550" lon="2.630960">
						<ele>78</ele>
						<time>2026-09-12T07:07:46Z</time>
					</trkpt>
					<trkpt lat="48.657950" lon="2.631550">
						<ele>84</ele>
						<time>2026-09-12T07:07:59Z</time>
					</trkpt>
					<trkpt lat="48.657620" lon="2.631780">
						<ele>86</ele>
						<time>2026-09-12T07:08:06Z</time>
					</trkpt>
					<trkpt lat="48.656960" lon="2.632200">
						<ele>87</ele>
						<time>2026-09-12T07:08:18Z</time>
					</trkpt>
					<trkpt lat="48.656590" lon="2.632530">
						<ele>87</ele>
						<time>2026-09-12T07:08:26Z</time>
					</trkpt>
					<trkpt lat="48.656400" lon="2.632730">
						<ele>89</ele>
						<time>2026-09-12T07:08:30Z</time>
					</trkpt>
					<trkpt lat="48.656230" lon="2.633020">
						<ele>90</ele>
						<time>2026-09-12T07:08:35Z</time>
					</trkpt>
					<trkpt lat="48.656080" lon="2.633370">
						<ele>90</ele>
						<time>2026-09-12T07:08:40Z</time>
					</trkpt>
					<trkpt lat="48.656030" lon="2.633550">
						<ele>91</ele>
						<time>2026-09-12T07:08:42Z</time>
					</trkpt>
					<trkpt lat="48.656180" lon="2.633850">
						<ele>91</ele>
						<time>2026-09-12T07:08:46Z</time>
					</trkpt>
					<trkpt lat="48.656660" lon="2.634770">
						<ele>90</ele>
						<time>2026-09-12T07:09:00Z</time>
					</trkpt>
					<trkpt lat="48.656720" lon="2.634940">
						<ele>90</ele>
						<time>2026-09-12T07:09:02Z</time>
					</trkpt>
					<trkpt lat="48.656750" lon="2.635080">
						<ele>90</ele>
						<time>2026-09-12T07:09:04Z</time>
					</trkpt>
					<trkpt lat="48.656740" lon="2.635210">
						<ele>90</ele>
						<time>2026-09-12T07:09:06Z</time>
					</trkpt>
					<trkpt lat="48.656640" lon="2.635580">
						<ele>91</ele>
						<time>2026-09-12T07:09:10Z</time>
					</trkpt>
					<trkpt lat="48.656530" lon="2.635830">
						<ele>91</ele>
						<time>2026-09-12T07:09:14Z</time>
					</trkpt>
					<trkpt lat="48.656420" lon="2.635980">
						<ele>91</ele>
						<time>2026-09-12T07:09:17Z</time>
					</trkpt>
					<trkpt lat="48.656200" lon="2.636080">
						<ele>91</ele>
						<time>2026-09-12T07:09:21Z</time>
					</trkpt>
					<trkpt lat="48.656020" lon="2.636230">
						<ele>91</ele>
						<time>2026-09-12T07:09:24Z</time>
					</trkpt>
					<trkpt lat="48.655550" lon="2.637190">
						<ele>91</ele>
						<time>2026-09-12T07:09:38Z</time>
					</trkpt>
					<trkpt lat="48.655480" lon="2.637160">
						<ele>91</ele>
						<time>2026-09-12T07:09:40Z</time>
					</trkpt>
					<trkpt lat="48.655420" lon="2.637230">
						<ele>92</ele>
						<time>2026-09-12T07:09:41Z</time>
					</trkpt>
					<trkpt lat="48.655410" lon="2.637300">
						<ele>92</ele>
						<time>2026-09-12T07:09:42Z</time>
					</trkpt>
					<trkpt lat="48.655450" lon="2.637400">
						<ele>92</ele>
						<time>2026-09-12T07:09:43Z</time>
					</trkpt>
					<trkpt lat="48.654940" lon="2.638470">
						<ele>92</ele>
						<time>2026-09-12T07:09:59Z</time>
					</trkpt>
					<trkpt lat="48.654870" lon="2.638540">
						<ele>92</ele>
						<time>2026-09-12T07:10:00Z</time>
					</trkpt>
					<trkpt lat="48.654800" lon="2.638540">
						<ele>92</ele>
						<time>2026-09-12T07:10:01Z</time>
					</trkpt>
					<trkpt lat="48.654360" lon="2.638170">
						<ele>93</ele>
						<time>2026-09-12T07:10:10Z</time>
					</trkpt>
					<trkpt lat="48.653850" lon="2.637770">
						<ele>93</ele>
						<time>2026-09-12T07:10:21Z</time>
					</trkpt>
					<trkpt lat="48.653800" lon="2.637740">
						<ele>93</ele>
						<time>2026-09-12T07:10:22Z</time>
					</trkpt>
					<trkpt lat="48.653760" lon="2.637740">
						<ele>93</ele>
						<time>2026-09-12T07:10:22Z</time>
					</trkpt>
					<trkpt lat="48.653710" lon="2.637800">
						<ele>93</ele>
						<time>2026-09-12T07:10:23Z</time>
					</trkpt>
					<trkpt lat="48.653270" lon="2.638810">
						<ele>92</ele>
						<time>2026-09-12T07:10:38Z</time>
					</trkpt>
					<trkpt lat="48.651900" lon="2.641430">
						<ele>89</ele>
						<time>2026-09-12T07:11:17Z</time>
					</trkpt>
					<trkpt lat="48.651640" lon="2.642000">
						<ele>90</ele>
						<time>2026-09-12T07:11:25Z</time>
					</trkpt>
					<trkpt lat="48.651520" lon="2.642320">
						<ele>90</ele>
						<time>2026-09-12T07:11:29Z</time>
					</trkpt>
					<trkpt lat="48.651290" lon="2.643050">
						<ele>91</ele>
						<time>2026-09-12T07:11:39Z</time>
					</trkpt>
					<trkpt lat="48.650970" lon="2.644130">
						<ele>92</ele>
						<time>2026-09-12T07:11:53Z</time>
					</trkpt>
					<trkpt lat="48.650320" lon="2.646040">
						<ele>91</ele>
						<time>2026-09-12T07:12:18Z</time>
					</trkpt>
					<trkpt lat="48.650130" lon="2.646630">
						<ele>90</ele>
						<time>2026-09-12T07:12:26Z</time>
					</trkpt>
					<trkpt lat="48.650050" lon="2.646930">
						<ele>90</ele>
						<time>2026-09-12T07:12:30Z</time>
					</trkpt>
					<trkpt lat="48.649880" lon="2.647760">
						<ele>91</ele>
						<time>2026-09-12T07:12:40Z</time>
					</trkpt>
					<trkpt lat="48.649770" lon="2.648530">
						<ele>91</ele>
						<time>2026-09-12T07:12:49Z</time>
					</trkpt>
					<trkpt lat="48.649600" lon="2.649790">
						<ele>94</ele>
						<time>2026-09-12T07:13:04Z</time>
					</trkpt>
					<trkpt lat="48.649480" lon="2.650840">
						<ele>93</ele>
						<time>2026-09-12T07:13:17Z</time>
					</trkpt>
					<trkpt lat="48.649210" lon="2.653840">
						<ele>93</ele>
						<time>2026-09-12T07:13:52Z</time>
					</trkpt>
					<trkpt lat="48.649110" lon="2.654520">
						<ele>93</ele>
						<time>2026-09-12T07:14:00Z</time>
					</trkpt>
					<trkpt lat="48.648880" lon="2.655440">
						<ele>93</ele>
						<time>2026-09-12T07:14:12Z</time>
					</trkpt>
					<trkpt lat="48.648270" lon="2.657480">
						<ele>95</ele>
						<time>2026-09-12T07:14:38Z</time>
					</trkpt>
					<trkpt lat="48.648130" lon="2.658000">
						<ele>94</ele>
						<time>2026-09-12T07:14:45Z</time>
					</trkpt>
					<trkpt lat="48.648060" lon="2.658360">
						<ele>93</ele>
						<time>2026-09-12T07:14:49Z</time>
					</trkpt>
					<trkpt lat="48.648020" lon="2.658650">
						<ele>93</ele>
						<time>2026-09-12T07:14:53Z</time>
					</trkpt>
					<trkpt lat="48.647980" lon="2.660110">
						<ele>92</ele>
						<time>2026-09-12T07:15:10Z</time>
					</trkpt>
					<trkpt lat="48.647920" lon="2.660960">
						<ele>91</ele>
						<time>2026-09-12T07:15:20Z</time>
					</trkpt>
					<trkpt lat="48.647860" lon="2.661310">
						<ele>91</ele>
						<time>2026-09-12T07:15:24Z</time>
					</trkpt>
					<trkpt lat="48.647760" lon="2.661720">
						<ele>91</ele>
						<time>2026-09-12T07:15:29Z</time>
					</trkpt>
					<trkpt lat="48.647400" lon="2.662870">
						<ele>89</ele>
						<time>2026-09-12T07:15:44Z</time>
					</trkpt>
					<trkpt lat="48.647260" lon="2.663410">
						<ele>88</ele>
						<time>2026-09-12T07:15:51Z</time>
					</trkpt>
					<trkpt lat="48.647190" lon="2.663880">
						<ele>88</ele>
						<time>2026-09-12T07:15:57Z</time>
					</trkpt>
					<trkpt lat="48.647150" lon="2.664380">
						<ele>88</ele>
						<time>2026-09-12T07:16:03Z</time>
					</trkpt>
					<trkpt lat="48.647160" lon="2.666040">
						<ele>87</ele>
						<time>2026-09-12T07:16:22Z</time>
					</trkpt>
					<trkpt lat="48.647080" lon="2.668860">
						<ele>88</ele>
						<time>2026-09-12T07:16:55Z</time>
					</trkpt>
					<trkpt lat="48.647090" lon="2.669210">
						<ele>89</ele>
						<time>2026-09-12T07:17:00Z</time>
					</trkpt>
					<trkpt lat="48.647130" lon="2.669570">
						<ele>89</ele>
						<time>2026-09-12T07:17:04Z</time>
					</trkpt>
					<trkpt lat="48.647390" lon="2.671710">
						<ele>90</ele>
						<time>2026-09-12T07:17:29Z</time>
					</trkpt>
					<trkpt lat="48.648050" lon="2.677590">
						<ele>93</ele>
						<time>2026-09-12T07:18:40Z</time>
					</trkpt>
					<trkpt lat="48.648090" lon="2.677760">
						<ele>93</ele>
						<time>2026-09-12T07:18:42Z</time>
					</trkpt>
					<trkpt lat="48.648150" lon="2.677900">
						<ele>94</ele>
						<time>2026-09-12T07:18:44Z</time>
					</trkpt>
					<trkpt lat="48.648250" lon="2.678000">
						<ele>94</ele>
						<time>2026-09-12T07:18:46Z</time>
					</trkpt>
					<trkpt lat="48.648570" lon="2.678190">
						<ele>94</ele>
						<time>2026-09-12T07:18:52Z</time>
					</trkpt>
					<trkpt lat="48.648760" lon="2.678400">
						<ele>94</ele>
						<time>2026-09-12T07:18:56Z</time>
					</trkpt>
					<trkpt lat="48.648910" lon="2.678660">
						<ele>94</ele>
						<time>2026-09-12T07:19:00Z</time>
					</trkpt>
					<trkpt lat="48.649050" lon="2.678950">
						<ele>93</ele>
						<time>2026-09-12T07:19:04Z</time>
					</trkpt>
					<trkpt lat="48.649100" lon="2.679100">
						<ele>92</ele>
						<time>2026-09-12T07:19:06Z</time>
					</trkpt>
					<trkpt lat="48.649190" lon="2.679430">
						<ele>91</ele>
						<time>2026-09-12T07:19:11Z</time>
					</trkpt>
					<trkpt lat="48.649260" lon="2.679760">
						<ele>91</ele>
						<time>2026-09-12T07:19:15Z</time>
					</trkpt>
					<trkpt lat="48.649380" lon="2.680620">
						<ele>90</ele>
						<time>2026-09-12T07:19:25Z</time>
					</trkpt>
					<trkpt lat="48.649490" lon="2.681600">
						<ele>90</ele>
						<time>2026-09-12T07:19:37Z</time>
					</trkpt>
					<trkpt lat="48.649460" lon="2.682640">
						<ele>90</ele>
						<time>2026-09-12T07:19:49Z</time>
					</trkpt>
					<trkpt lat="48.649460" lon="2.683040">
						<ele>90</ele>
						<time>2026-09-12T07:19:54Z</time>
					</trkpt>
					<trkpt lat="48.649520" lon="2.683510">
						<ele>90</ele>
						<time>2026-09-12T07:19:59Z</time>
					</trkpt>
					<trkpt lat="48.649800" lon="2.684760">
						<ele>81</ele>
						<time>2026-09-12T07:20:15Z</time>
					</trkpt>
					<trkpt lat="48.649920" lon="2.685260">
						<ele>78</ele>
						<time>2026-09-12T07:20:21Z</time>
					</trkpt>
					<trkpt lat="48.650050" lon="2.685860">
						<ele>78</ele>
						<time>2026-09-12T07:20:28Z</time>
					</trkpt>
					<trkpt lat="48.650110" lon="2.686250">
						<ele>77</ele>
						<time>2026-09-12T07:20:33Z</time>
					</trkpt>
					<trkpt lat="48.650060" lon="2.687680">
						<ele>72</ele>
						<time>2026-09-12T07:20:50Z</time>
					</trkpt>
					<trkpt lat="48.650100" lon="2.688500">
						<ele>70</ele>
						<time>2026-09-12T07:21:00Z</time>
					</trkpt>
					<trkpt lat="48.650170" lon="2.688710">
						<ele>71</ele>
						<time>2026-09-12T07:21:02Z</time>
					</trkpt>
					<trkpt lat="48.650250" lon="2.688840">
						<ele>71</ele>
						<time>2026-09-12T07:21:04Z</time>
					</trkpt>
					<trkpt lat="48.650720" lon="2.689260">
						<ele>70</ele>
						<time>2026-09-12T07:21:14Z</time>
					</trkpt>
					<trkpt lat="48.650890" lon="2.689450">
						<ele>69</ele>
						<time>2026-09-12T07:21:18Z</time>
					</trkpt>
					<trkpt lat="48.651040" lon="2.689670">
						<ele>67</ele>
						<time>2026-09-12T07:21:22Z</time>
					</trkpt>
					<trkpt lat="48.651170" lon="2.689930">
						<ele>67</ele>
						<time>2026-09-12T07:21:25Z</time>
					</trkpt>
					<trkpt lat="48.651440" lon="2.690550">
						<ele>65</ele>
						<time>2026-09-12T07:21:34Z</time>
					</trkpt>
					<trkpt lat="48.651670" lon="2.691300">
						<ele>64</ele>
						<time>2026-09-12T07:21:44Z</time>
					</trkpt>
					<trkpt lat="48.651790" lon="2.691740">
						<ele>64</ele>
						<time>2026-09-12T07:21:50Z</time>
					</trkpt>
					<trkpt lat="48.651840" lon="2.692010">
						<ele>64</ele>
						<time>2026-09-12T07:21:53Z</time>
					</trkpt>
					<trkpt lat="48.651880" lon="2.692180">
						<ele>65</ele>
						<time>2026-09-12T07:21:55Z</time>
					</trkpt>
					<trkpt lat="48.652040" lon="2.692660">
						<ele>65</ele>
						<time>2026-09-12T07:22:01Z</time>
					</trkpt>
					<trkpt lat="48.652410" lon="2.694330">
						<ele>63</ele>
						<time>2026-09-12T07:22:22Z</time>
					</trkpt>
					<trkpt lat="48.652730" lon="2.695540">
						<ele>63</ele>
						<time>2026-09-12T07:22:37Z</time>
					</trkpt>
					<trkpt lat="48.652980" lon="2.696590">
						<ele>64</ele>
						<time>2026-09-12T07:22:50Z</time>
					</trkpt>
					<trkpt lat="48.653070" lon="2.696870">
						<ele>65</ele>
						<time>2026-09-12T07:22:54Z</time>
					</trkpt>
					<trkpt lat="48.653560" lon="2.698010">
						<ele>65</ele>
						<time>2026-09-12T07:23:10Z</time>
					</trkpt>
					<trkpt lat="48.653660" lon="2.698020">
						<ele>65</ele>
						<time>2026-09-12T07:23:12Z</time>
					</trkpt>
					<trkpt lat="48.653720" lon="2.698120">
						<ele>64</ele>
						<time>2026-09-12T07:23:13Z</time>
					</trkpt>
					<trkpt lat="48.653930" lon="2.698720">
						<ele>64</ele>
						<time>2026-09-12T07:23:21Z</time>
					</trkpt>
					<trkpt lat="48.654010" lon="2.699070">
						<ele>64</ele>
						<time>2026-09-12T07:23:26Z</time>
					</trkpt>
					<trkpt lat="48.654050" lon="2.699120">
						<ele>63</ele>
						<time>2026-09-12T07:23:27Z</time>
					</trkpt>
					<trkpt lat="48.654590" lon="2.699390">
						<ele>62</ele>
						<time>2026-09-12T07:23:37Z</time>
					</trkpt>
					<trkpt lat="48.654930" lon="2.699620">
						<ele>62</ele>
						<time>2026-09-12T07:23:43Z</time>
					</trkpt>
					<trkpt lat="48.655200" lon="2.699720">
						<ele>62</ele>
						<time>2026-09-12T07:23:48Z</time>
					</trkpt>
					<trkpt lat="48.655430" lon="2.699800">
						<ele>63</ele>
						<time>2026-09-12T07:23:53Z</time>
					</trkpt>
					<trkpt lat="48.655590" lon="2.699890">
						<ele>63</ele>
						<time>2026-09-12T07:23:56Z</time>
					</trkpt>
					<trkpt lat="48.655680" lon="2.700000">
						<ele>63</ele>
						<time>2026-09-12T07:23:58Z</time>
					</trkpt>
					<trkpt lat="48.655690" lon="2.700360">
						<ele>64</ele>
						<time>2026-09-12T07:24:02Z</time>
					</trkpt>
					<trkpt lat="48.655660" lon="2.700530">
						<ele>65</ele>
						<time>2026-09-12T07:24:04Z</time>
					</trkpt>
					<trkpt lat="48.654950" lon="2.702130">
						<ele>68</ele>
						<time>2026-09-12T07:24:27Z</time>
					</trkpt>
					<trkpt lat="48.654460" lon="2.703200">
						<ele>71</ele>
						<time>2026-09-12T07:24:42Z</time>
					</trkpt>
					<trkpt lat="48.654420" lon="2.703350">
						<ele>72</ele>
						<time>2026-09-12T07:24:44Z</time>
					</trkpt>
					<trkpt lat="48.654420" lon="2.703530">
						<ele>72</ele>
						<time>2026-09-12T07:24:46Z</time>
					</trkpt>
					<trkpt lat="48.654460" lon="2.703630">
						<ele>73</ele>
						<time>2026-09-12T07:24:47Z</time>
					</trkpt>
					<trkpt lat="48.654510" lon="2.703700">
						<ele>74</ele>
						<time>2026-09-12T07:24:49Z</time>
					</trkpt>
					<trkpt lat="48.654580" lon="2.703750">
						<ele>75</ele>
						<time>2026-09-12T07:24:50Z</time>
					</trkpt>
					<trkpt lat="48.654680" lon="2.703720">
						<ele>75</ele>
						<time>2026-09-12T07:24:52Z</time>
					</trkpt>
					<trkpt lat="48.655140" lon="2.703490">
						<ele>78</ele>
						<time>2026-09-12T07:25:00Z</time>
					</trkpt>
					<trkpt lat="48.655250" lon="2.703340">
						<ele>79</ele>
						<time>2026-09-12T07:25:03Z</time>
					</trkpt>
					<trkpt lat="48.655630" lon="2.702410">
						<ele>76</ele>
						<time>2026-09-12T07:25:16Z</time>
					</trkpt>
					<trkpt lat="48.655690" lon="2.702320">
						<ele>75</ele>
						<time>2026-09-12T07:25:17Z</time>
					</trkpt>
					<trkpt lat="48.655760" lon="2.702270">
						<ele>76</ele>
						<time>2026-09-12T07:25:19Z</time>
					</trkpt>
					<trkpt lat="48.655860" lon="2.702270">
						<ele>77</ele>
						<time>2026-09-12T07:25:21Z</time>
					</trkpt>
					<trkpt lat="48.655950" lon="2.702300">
						<ele>77</ele>
						<time>2026-09-12T07:25:22Z</time>
					</trkpt>
					<trkpt lat="48.656020" lon="2.702400">
						<ele>79</ele>
						<time>2026-09-12T07:25:24Z</time>
					</trkpt>
					<trkpt lat="48.656260" lon="2.702920">
						<ele>83</ele>
						<time>2026-09-12T07:25:31Z</time>
					</trkpt>
					<trkpt lat="48.656340" lon="2.703070">
						<ele>84</ele>
						<time>2026-09-12T07:25:34Z</time>
					</trkpt>
					<trkpt lat="48.656470" lon="2.703440">
						<ele>86</ele>
						<time>2026-09-12T07:25:39Z</time>
					</trkpt>
					<trkpt lat="48.657330" lon="2.711220">
						<ele>96</ele>
						<time>2026-09-12T07:27:11Z</time>
					</trkpt>
					<trkpt lat="48.657380" lon="2.711450">
						<ele>97</ele>
						<time>2026-09-12T07:27:14Z</time>
					</trkpt>
					<trkpt lat="48.657860" lon="2.713090">
						<ele>95</ele>
						<time>2026-09-12T07:27:35Z</time>
					</trkpt>
					<trkpt lat="48.657890" lon="2.713250">
						<ele>95</ele>
						<time>2026-09-12T07:27:37Z</time>
					</trkpt>
					<trkpt lat="48.657890" lon="2.713460">
						<ele>96</ele>
						<time>2026-09-12T07:27:40Z</time>
					</trkpt>
					<trkpt lat="48.657850" lon="2.714850">
						<ele>95</ele>
						<time>2026-09-12T07:27:56Z</time>
					</trkpt>
					<trkpt lat="48.657970" lon="2.716000">
						<ele>94</ele>
						<time>2026-09-12T07:28:10Z</time>
					</trkpt>
					<trkpt lat="48.658120" lon="2.716490">
						<ele>94</ele>
						<time>2026-09-12T07:28:16Z</time>
					</trkpt>
					<trkpt lat="48.658970" lon="2.718600">
						<ele>93</ele>
						<time>2026-09-12T07:28:45Z</time>
					</trkpt>
					<trkpt lat="48.659100" lon="2.719010">
						<ele>93</ele>
						<time>2026-09-12T07:28:50Z</time>
					</trkpt>
					<trkpt lat="48.659280" lon="2.719640">
						<ele>92</ele>
						<time>2026-09-12T07:28:58Z</time>
					</trkpt>
					<trkpt lat="48.659340" lon="2.720060">
						<ele>92</ele>
						<time>2026-09-12T07:29:03Z</time>
					</trkpt>
					<trkpt lat="48.659320" lon="2.720160">
						<ele>92</ele>
						<time>2026-09-12T07:29:05Z</time>
					</trkpt>
					<trkpt lat="48.659250" lon="2.720340">
						<ele>92</ele>
						<time>2026-09-12T07:29:07Z</time>
					</trkpt>
					<trkpt lat="48.659280" lon="2.720550">
						<ele>91</ele>
						<time>2026-09-12T07:29:10Z</time>
					</trkpt>
					<trkpt lat="48.659350" lon="2.720780">
						<ele>91</ele>
						<time>2026-09-12T07:29:13Z</time>
					</trkpt>
					<trkpt lat="48.659440" lon="2.720970">
						<ele>91</ele>
						<time>2026-09-12T07:29:15Z</time>
					</trkpt>
					<trkpt lat="48.660020" lon="2.721720">
						<ele>93</ele>
						<time>2026-09-12T07:29:29Z</time>
					</trkpt>
					<trkpt lat="48.662120" lon="2.724890">
						<ele>97</ele>
						<time>2026-09-12T07:30:22Z</time>
					</trkpt>
					<trkpt lat="48.663840" lon="2.727440">
						<ele>96</ele>
						<time>2026-09-12T07:31:05Z</time>
					</trkpt>
					<trkpt lat="48.664470" lon="2.728320">
						<ele>97</ele>
						<time>2026-09-12T07:31:20Z</time>
					</trkpt>
					<trkpt lat="48.665880" lon="2.729990">
						<ele>98</ele>
						<time>2026-09-12T07:31:52Z</time>
					</trkpt>
					<trkpt lat="48.666290" lon="2.730500">
						<ele>98</ele>
						<time>2026-09-12T07:32:01Z</time>
					</trkpt>
					<trkpt lat="48.666540" lon="2.730850">
						<ele>98</ele>
						<time>2026-09-12T07:32:07Z</time>
					</trkpt>
					<trkpt lat="48.666790" lon="2.731210">
						<ele>98</ele>
						<time>2026-09-12T07:32:13Z</time>
					</trkpt>
					<trkpt lat="48.667080" lon="2.731670">
						<ele>98</ele>
						<time>2026-09-12T07:32:21Z</time>
					</trkpt>
					<trkpt lat="48.667300" lon="2.732080">
						<ele>100</ele>
						<time>2026-09-12T07:32:27Z</time>
					</trkpt>
					<trkpt lat="48.668220" lon="2.733860">
						<ele>99</ele>
						<time>2026-09-12T07:32:54Z</time>
					</trkpt>
					<trkpt lat="48.668680" lon="2.734670">
						<ele>98</ele>
						<time>2026-09-12T07:33:06Z</time>
					</trkpt>
					<trkpt lat="48.669170" lon="2.735430">
						<ele>98</ele>
						<time>2026-09-12T07:33:19Z</time>
					</trkpt>
					<trkpt lat="48.674960" lon="2.744090">
						<ele>100</ele>
						<time>2026-09-12T07:35:43Z</time>
					</trkpt>
					<trkpt lat="48.675180" lon="2.744500">
						<ele>100</ele>
						<time>2026-09-12T07:35:50Z</time>
					</trkpt>
					<trkpt lat="48.675780" lon="2.745690">
						<ele>99</ele>
						<time>2026-09-12T07:36:07Z</time>
					</trkpt>
					<trkpt lat="48.675970" lon="2.745870">
						<ele>99</ele>
						<time>2026-09-12T07:36:11Z</time>
					</trkpt>
					<trkpt lat="48.676510" lon="2.746110">
						<ele>99</ele>
						<time>2026-09-12T07:36:21Z</time>
					</trkpt>
					<trkpt lat="48.676700" lon="2.746220">
						<ele>100</ele>
						<time>2026-09-12T07:36:25Z</time>
					</trkpt>
					<trkpt lat="48.676920" lon="2.746520">
						<ele>100</ele>
						<time>2026-09-12T07:36:30Z</time>
					</trkpt>
					<trkpt lat="48.676980" lon="2.746570">
						<ele>100</ele>
						<time>2026-09-12T07:36:31Z</time>
					</trkpt>
					<trkpt lat="48.677420" lon="2.746340">
						<ele>101</ele>
						<time>2026-09-12T07:36:40Z</time>
					</trkpt>
					<trkpt lat="48.677610" lon="2.746200">
						<ele>101</ele>
						<time>2026-09-12T07:36:43Z</time>
					</trkpt>
					<trkpt lat="48.677790" lon="2.745980">
						<ele>101</ele>
						<time>2026-09-12T07:36:47Z</time>
					</trkpt>
					<trkpt lat="48.678180" lon="2.745230">
						<ele>101</ele>
						<time>2026-09-12T07:36:59Z</time>
					</trkpt>
					<trkpt lat="48.678940" lon="2.743980">
						<ele>101</ele>
						<time>2026-09-12T07:37:19Z</time>
					</trkpt>
					<trkpt lat="48.679110" lon="2.743740">
						<ele>101</ele>
						<time>2026-09-12T07:37:23Z</time>
					</trkpt>
					<trkpt lat="48.682990" lon="2.740470">
						<ele>99</ele>
						<time>2026-09-12T07:38:42Z</time>
					</trkpt>
					<trkpt lat="48.683400" lon="2.740180">
						<ele>99</ele>
						<time>2026-09-12T07:38:50Z</time>
					</trkpt>
					<trkpt lat="48.683630" lon="2.740080">
						<ele>99</ele>
						<time>2026-09-12T07:38:54Z</time>
					</trkpt>
					<trkpt lat="48.683860" lon="2.740040">
						<ele>100</ele>
						<time>2026-09-12T07:38:58Z</time>
					</trkpt>
					<trkpt lat="48.686100" lon="2.740030">
						<ele>103</ele>
						<time>2026-09-12T07:39:38Z</time>
					</trkpt>
					<trkpt lat="48.687550" lon="2.740070">
						<ele>108</ele>
						<time>2026-09-12T07:40:04Z</time>
					</trkpt>
					<trkpt lat="48.694580" lon="2.740000">
						<ele>107</ele>
						<time>2026-09-12T07:42:09Z</time>
					</trkpt>
					<trkpt lat="48.694680" lon="2.739970">
						<ele>107</ele>
						<time>2026-09-12T07:42:11Z</time>
					</trkpt>
					<trkpt lat="48.697460" lon="2.743130">
						<ele>97</ele>
						<time>2026-09-12T07:43:13Z</time>
					</trkpt>
					<trkpt lat="48.699270" lon="2.745240">
						<ele>94</ele>
						<time>2026-09-12T07:43:53Z</time>
					</trkpt>
					<trkpt lat="48.700870" lon="2.746980">
						<ele>88</ele>
						<time>2026-09-12T07:44:28Z</time>
					</trkpt>
					<trkpt lat="48.702380" lon="2.748720">
						<ele>80</ele>
						<time>2026-09-12T07:45:02Z</time>
					</trkpt>
					<trkpt lat="48.702550" lon="2.748910">
						<ele>81</ele>
						<time>2026-09-12T07:45:06Z</time>
					</trkpt>
					<trkpt lat="48.702640" lon="2.748980">
						<ele>81</ele>
						<time>2026-09-12T07:45:08Z</time>
					</trkpt>
					<trkpt lat="48.702740" lon="2.749000">
						<ele>82</ele>
						<time>2026-09-12T07:45:09Z</time>
					</trkpt>
					<trkpt lat="48.702920" lon="2.748950">
						<ele>83</ele>
						<time>2026-09-12T07:45:13Z</time>
					</trkpt>
					<trkpt lat="48.703870" lon="2.748540">
						<ele>87</ele>
						<time>2026-09-12T07:45:30Z</time>
					</trkpt>
					<trkpt lat="48.704060" lon="2.748530">
						<ele>89</ele>
						<time>2026-09-12T07:45:34Z</time>
					</trkpt>
					<trkpt lat="48.704200" lon="2.748600">
						<ele>90</ele>
						<time>2026-09-12T07:45:36Z</time>
					</trkpt>
					<trkpt lat="48.704270" lon="2.748810">
						<ele>92</ele>
						<time>2026-09-12T07:45:39Z</time>
					</trkpt>
					<trkpt lat="48.704330" lon="2.749610">
						<ele>95</ele>
						<time>2026-09-12T07:45:48Z</time>
					</trkpt>
					<trkpt lat="48.704410" lon="2.749950">
						<ele>96</ele>
						<time>2026-09-12T07:45:53Z</time>
					</trkpt>
					<trkpt lat="48.704920" lon="2.751010">
						<ele>101</ele>
						<time>2026-09-12T07:46:08Z</time>
					</trkpt>
					<trkpt lat="48.705160" lon="2.751370">
						<ele>102</ele>
						<time>2026-09-12T07:46:14Z</time>
					</trkpt>
					<trkpt lat="48.706850" lon="2.752430">
						<ele>102</ele>
						<time>2026-09-12T07:46:47Z</time>
					</trkpt>
					<trkpt lat="48.707580" lon="2.752940">
						<ele>101</ele>
						<time>2026-09-12T07:47:01Z</time>
					</trkpt>
					<trkpt lat="48.708620" lon="2.753740">
						<ele>101</ele>
						<time>2026-09-12T07:47:22Z</time>
					</trkpt>
					<trkpt lat="48.709110" lon="2.754190">
						<ele>101</ele>
						<time>2026-09-12T07:47:32Z</time>
					</trkpt>
					<trkpt lat="48.709370" lon="2.754500">
						<ele>102</ele>
						<time>2026-09-12T07:47:38Z</time>
					</trkpt>
					<trkpt lat="48.709380" lon="2.754600">
						<ele>102</ele>
						<time>2026-09-12T07:47:39Z</time>
					</trkpt>
					<trkpt lat="48.709430" lon="2.754670">
						<ele>102</ele>
						<time>2026-09-12T07:47:40Z</time>
					</trkpt>
					<trkpt lat="48.709500" lon="2.754690">
						<ele>102</ele>
						<time>2026-09-12T07:47:41Z</time>
					</trkpt>
					<trkpt lat="48.709580" lon="2.754620">
						<ele>102</ele>
						<time>2026-09-12T07:47:43Z</time>
					</trkpt>
					<trkpt lat="48.709600" lon="2.754480">
						<ele>101</ele>
						<time>2026-09-12T07:47:45Z</time>
					</trkpt>
					<trkpt lat="48.709870" lon="2.754100">
						<ele>100</ele>
						<time>2026-09-12T07:47:51Z</time>
					</trkpt>
					<trkpt lat="48.709960" lon="2.754000">
						<ele>100</ele>
						<time>2026-09-12T07:47:53Z</time>
					</trkpt>
					<trkpt lat="48.710100" lon="2.753840">
						<ele>100</ele>
						<time>2026-09-12T07:47:56Z</time>
					</trkpt>
					<trkpt lat="48.710260" lon="2.753660">
						<ele>101</ele>
						<time>2026-09-12T07:48:00Z</time>
					</trkpt>
					<trkpt lat="48.710500" lon="2.753470">
						<ele>101</ele>
						<time>2026-09-12T07:48:05Z</time>
					</trkpt>
					<trkpt lat="48.710590" lon="2.753490">
						<ele>101</ele>
						<time>2026-09-12T07:48:06Z</time>
					</trkpt>
					<trkpt lat="48.710830" lon="2.753740">
						<ele>102</ele>
						<time>2026-09-12T07:48:12Z</time>
					</trkpt>
					<trkpt lat="48.710930" lon="2.753910">
						<ele>101</ele>
						<time>2026-09-12T07:48:14Z</time>
					</trkpt>
					<trkpt lat="48.711020" lon="2.754150">
						<ele>101</ele>
						<time>2026-09-12T07:48:17Z</time>
					</trkpt>
					<trkpt lat="48.711500" lon="2.755710">
						<ele>101</ele>
						<time>2026-09-12T07:48:38Z</time>
					</trkpt>
					<trkpt lat="48.711590" lon="2.755970">
						<ele>101</ele>
						<time>2026-09-12T07:48:41Z</time>
					</trkpt>
					<trkpt lat="48.711750" lon="2.756320">
						<ele>101</ele>
						<time>2026-09-12T07:48:46Z</time>
					</trkpt>
					<trkpt lat="48.711970" lon="2.756710">
						<ele>101</ele>
						<time>2026-09-12T07:48:52Z</time>
					</trkpt>
					<trkpt lat="48.712110" lon="2.756910">
						<ele>100</ele>
						<time>2026-09-12T07:48:56Z</time>
					</trkpt>
					<trkpt lat="48.712400" lon="2.757250">
						<ele>100</ele>
						<time>2026-09-12T07:49:02Z</time>
					</trkpt>
					<trkpt lat="48.712710" lon="2.757530">
						<ele>101</ele>
						<time>2026-09-12T07:49:09Z</time>
					</trkpt>
					<trkpt lat="48.713100" lon="2.757770">
						<ele>101</ele>
						<time>2026-09-12T07:49:16Z</time>
					</trkpt>
					<trkpt lat="48.715290" lon="2.758920">
						<ele>102</ele>
						<time>2026-09-12T07:49:57Z</time>
					</trkpt>
					<trkpt lat="48.715710" lon="2.759130">
						<ele>102</ele>
						<time>2026-09-12T07:50:05Z</time>
					</trkpt>
					<trkpt lat="48.715890" lon="2.759170">
						<ele>102</ele>
						<time>2026-09-12T07:50:08Z</time>
					</trkpt>
					<trkpt lat="48.716020" lon="2.759180">
						<ele>102</ele>
						<time>2026-09-12T07:50:11Z</time>
					</trkpt>
					<trkpt lat="48.716410" lon="2.759140">
						<ele>101</ele>
						<time>2026-09-12T07:50:18Z</time>
					</trkpt>
					<trkpt lat="48.719580" lon="2.757750">
						<ele>102</ele>
						<time>2026-09-12T07:51:16Z</time>
					</trkpt>
					<trkpt lat="48.719830" lon="2.757680">
						<ele>102</ele>
						<time>2026-09-12T07:51:21Z</time>
					</trkpt>
					<trkpt lat="48.720120" lon="2.757670">
						<ele>102</ele>
						<time>2026-09-12T07:51:26Z</time>
					</trkpt>
					<trkpt lat="48.720370" lon="2.757750">
						<ele>101</ele>
						<time>2026-09-12T07:51:31Z</time>
					</trkpt>
					<trkpt lat="48.720650" lon="2.757930">
						<ele>101</ele>
						<time>2026-09-12T07:51:36Z</time>
					</trkpt>
					<trkpt lat="48.723360" lon="2.760070">
						<ele>100</ele>
						<time>2026-09-12T07:52:30Z</time>
					</trkpt>
					<trkpt lat="48.734180" lon="2.768460">
						<ele>110</ele>
						<time>2026-09-12T07:56:07Z</time>
					</trkpt>
					<trkpt lat="48.734630" lon="2.768830">
						<ele>109</ele>
						<time>2026-09-12T07:56:16Z</time>
					</trkpt>
					<trkpt lat="48.734880" lon="2.769120">
						<ele>108</ele>
						<time>2026-09-12T07:56:21Z</time>
					</trkpt>
					<trkpt lat="48.735100" lon="2.769470">
						<ele>107</ele>
						<time>2026-09-12T07:56:27Z</time>
					</trkpt>
					<trkpt lat="48.735290" lon="2.770000">
						<ele>105</ele>
						<time>2026-09-12T07:56:34Z</time>
					</trkpt>
					<trkpt lat="48.735360" lon="2.770270">
						<ele>105</ele>
						<time>2026-09-12T07:56:37Z</time>
					</trkpt>
					<trkpt lat="48.735410" lon="2.770570">
						<ele>105</ele>
						<time>2026-09-12T07:56:41Z</time>
					</trkpt>
					<trkpt lat="48.735440" lon="2.770950">
						<ele>105</ele>
						<time>2026-09-12T07:56:46Z</time>
					</trkpt>
					<trkpt lat="48.735440" lon="2.771300">
						<ele>105</ele>
						<time>2026-09-12T07:56:50Z</time>
					</trkpt>
					<trkpt lat="48.735410" lon="2.771640">
						<ele>105</ele>
						<time>2026-09-12T07:56:54Z</time>
					</trkpt>
					<trkpt lat="48.735300" lon="2.772370">
						<ele>105</ele>
						<time>2026-09-12T07:57:03Z</time>
					</trkpt>
					<trkpt lat="48.734790" lon="2.774440">
						<ele>107</ele>
						<time>2026-09-12T07:57:28Z</time>
					</trkpt>
					<trkpt lat="48.734680" lon="2.774790">
						<ele>107</ele>
						<time>2026-09-12T07:57:33Z</time>
					</trkpt>
					<trkpt lat="48.734590" lon="2.775020">
						<ele>107</ele>
						<time>2026-09-12T07:57:36Z</time>
					</trkpt>
					<trkpt lat="48.734470" lon="2.775220">
						<ele>106</ele>
						<time>2026-09-12T07:57:39Z</time>
					</trkpt>
					<trkpt lat="48.734360" lon="2.775370">
						<ele>106</ele>
						<time>2026-09-12T07:57:42Z</time>
					</trkpt>
					<trkpt lat="48.733730" lon="2.776050">
						<ele>106</ele>
						<time>2026-09-12T07:57:56Z</time>
					</trkpt>
					<trkpt lat="48.733650" lon="2.776060">
						<ele>106</ele>
						<time>2026-09-12T07:57:57Z</time>
					</trkpt>
					<trkpt lat="48.733580" lon="2.776110">
						<ele>106</ele>
						<time>2026-09-12T07:57:59Z</time>
					</trkpt>
					<trkpt lat="48.733510" lon="2.776250">
						<ele>107</ele>
						<time>2026-09-12T07:58:01Z</time>
					</trkpt>
					<trkpt lat="48.733490" lon="2.776360">
						<ele>107</ele>
						<time>2026-09-12T07:58:02Z</time>
					</trkpt>
					<trkpt lat="48.733500" lon="2.776480">
						<ele>107</ele>
						<time>2026-09-12T07:58:03Z</time>
					</trkpt>
					<trkpt lat="48.733530" lon="2.776570">
						<ele>107</ele>
						<time>2026-09-12T07:58:05Z</time>
					</trkpt>
					<trkpt lat="48.733530" lon="2.776650">
						<ele>107</ele>
						<time>2026-09-12T07:58:05Z</time>
					</trkpt>
					<trkpt lat="48.733520" lon="2.776820">
						<ele>107</ele>
						<time>2026-09-12T07:58:07Z</time>
					</trkpt>
					<trkpt lat="48.733440" lon="2.777240">
						<ele>108</ele>
						<time>2026-09-12T07:58:13Z</time>
					</trkpt>
					<trkpt lat="48.733430" lon="2.777410">
						<ele>108</ele>
						<time>2026-09-12T07:58:15Z</time>
					</trkpt>
					<trkpt lat="48.733450" lon="2.777550">
						<ele>108</ele>
						<time>2026-09-12T07:58:16Z</time>
					</trkpt>
					<trkpt lat="48.733510" lon="2.777680">
						<ele>108</ele>
						<time>2026-09-12T07:58:18Z</time>
					</trkpt>
					<trkpt lat="48.733630" lon="2.777810">
						<ele>109</ele>
						<time>2026-09-12T07:58:21Z</time>
					</trkpt>
					<trkpt lat="48.733930" lon="2.777970">
						<ele>109</ele>
						<time>2026-09-12T07:58:26Z</time>
					</trkpt>
					<trkpt lat="48.734190" lon="2.778100">
						<ele>109</ele>
						<time>2026-09-12T07:58:31Z</time>
					</trkpt>
					<trkpt lat="48.734550" lon="2.778300">
						<ele>109</ele>
						<time>2026-09-12T07:58:38Z</time>
					</trkpt>
					<trkpt lat="48.734710" lon="2.778370">
						<ele>109</ele>
						<time>2026-09-12T07:58:41Z</time>
					</trkpt>
					<trkpt lat="48.736040" lon="2.779100">
						<ele>107</ele>
						<time>2026-09-12T07:59:06Z</time>
					</trkpt>
					<trkpt lat="48.736350" lon="2.779340">
						<ele>108</ele>
						<time>2026-09-12T07:59:12Z</time>
					</trkpt>
					<trkpt lat="48.736440" lon="2.779470">
						<ele>108</ele>
						<time>2026-09-12T07:59:15Z</time>
					</trkpt>
					<trkpt lat="48.736470" lon="2.779650">
						<ele>108</ele>
						<time>2026-09-12T07:59:17Z</time>
					</trkpt>
					<trkpt lat="48.736520" lon="2.779720">
						<ele>108</ele>
						<time>2026-09-12T07:59:18Z</time>
					</trkpt>
					<trkpt lat="48.736570" lon="2.779770">
						<ele>108</ele>
						<time>2026-09-12T07:59:19Z</time>
					</trkpt>
					<trkpt lat="48.736630" lon="2.779800">
						<ele>108</ele>
						<time>2026-09-12T07:59:20Z</time>
					</trkpt>
					<trkpt lat="48.736720" lon="2.779790">
						<ele>108</ele>
						<time>2026-09-12T07:59:22Z</time>
					</trkpt>
					<trkpt lat="48.736820" lon="2.779870">
						<ele>109</ele>
						<time>2026-09-12T07:59:24Z</time>
					</trkpt>
					<trkpt lat="48.737010" lon="2.780190">
						<ele>109</ele>
						<time>2026-09-12T07:59:29Z</time>
					</trkpt>
					<trkpt lat="48.737430" lon="2.781200">
						<ele>110</ele>
						<time>2026-09-12T07:59:43Z</time>
					</trkpt>
					<trkpt lat="48.737650" lon="2.781510">
						<ele>110</ele>
						<time>2026-09-12T07:59:48Z</time>
					</trkpt>
					<trkpt lat="48.737940" lon="2.781750">
						<ele>109</ele>
						<time>2026-09-12T07:59:54Z</time>
					</trkpt>
					<trkpt lat="48.738270" lon="2.781900">
						<ele>109</ele>
						<time>2026-09-12T08:00:00Z</time>
					</trkpt>
					<trkpt lat="48.738580" lon="2.781930">
						<ele>109</ele>
						<time>2026-09-12T08:00:06Z</time>
					</trkpt>
					<trkpt lat="48.738840" lon="2.781870">
						<ele>109</ele>
						<time>2026-09-12T08:00:10Z</time>
					</trkpt>
					<trkpt lat="48.739830" lon="2.781310">
						<ele>109</ele>
						<time>2026-09-12T08:00:29Z</time>
					</trkpt>
					<trkpt lat="48.740230" lon="2.781180">
						<ele>109</ele>
						<time>2026-09-12T08:00:37Z</time>
					</trkpt>
					<trkpt lat="48.740380" lon="2.781190">
						<ele>109</ele>
						<time>2026-09-12T08:00:39Z</time>
					</trkpt>
					<trkpt lat="48.740450" lon="2.781250">
						<ele>109</ele>
						<time>2026-09-12T08:00:41Z</time>
					</trkpt>
					<trkpt lat="48.740530" lon="2.781280">
						<ele>109</ele>
						<time>2026-09-12T08:00:42Z</time>
					</trkpt>
					<trkpt lat="48.740620" lon="2.781260">
						<ele>109</ele>
						<time>2026-09-12T08:00:44Z</time>
					</trkpt>
					<trkpt lat="48.740690" lon="2.781190">
						<ele>109</ele>
						<time>2026-09-12T08:00:45Z</time>
					</trkpt>
					<trkpt lat="48.740740" lon="2.781080">
						<ele>110</ele>
						<time>2026-09-12T08:00:47Z</time>
					</trkpt>
					<trkpt lat="48.740750" lon="2.780990">
						<ele>110</ele>
						<time>2026-09-12T08:00:48Z</time>
					</trkpt>
					<trkpt lat="48.740820" lon="2.780860">
						<ele>110</ele>
						<time>2026-09-12T08:00:50Z</time>
					</trkpt>
					<trkpt lat="48.741080" lon="2.780620">
						<ele>110</ele>
						<time>2026-09-12T08:00:55Z</time>
					</trkpt>
					<trkpt lat="48.741480" lon="2.780050">
						<ele>109</ele>
						<time>2026-09-12T08:01:05Z</time>
					</trkpt>
					<trkpt lat="48.741660" lon="2.779810">
						<ele>108</ele>
						<time>2026-09-12T08:01:09Z</time>
					</trkpt>
					<trkpt lat="48.741860" lon="2.779610">
						<ele>108</ele>
						<time>2026-09-12T08:01:14Z</time>
					</trkpt>
					<trkpt lat="48.742620" lon="2.779140">
						<ele>108</ele>
						<time>2026-09-12T08:01:28Z</time>
					</trkpt>
					<trkpt lat="48.743030" lon="2.780300">
						<ele>106</ele>
						<time>2026-09-12T08:01:44Z</time>
					</trkpt>
					<trkpt lat="48.743200" lon="2.780690">
						<ele>106</ele>
						<time>2026-09-12T08:01:49Z</time>
					</trkpt>
					<trkpt lat="48.743410" lon="2.781080">
						<ele>105</ele>
						<time>2026-09-12T08:01:55Z</time>
					</trkpt>
					<trkpt lat="48.744100" lon="2.782060">
						<ele>104</ele>
						<time>2026-09-12T08:02:12Z</time>
					</trkpt>
					<trkpt lat="48.745340" lon="2.784070">
						<ele>106</ele>
						<time>2026-09-12T08:02:44Z</time>
					</trkpt>
					<trkpt lat="48.745450" lon="2.784290">
						<ele>106</ele>
						<time>2026-09-12T08:02:47Z</time>
					</trkpt>
					<trkpt lat="48.746790" lon="2.787810">
						<ele>110</ele>
						<time>2026-09-12T08:03:35Z</time>
					</trkpt>
					<trkpt lat="48.746940" lon="2.788080">
						<ele>111</ele>
						<time>2026-09-12T08:03:39Z</time>
					</trkpt>
					<trkpt lat="48.747050" lon="2.788060">
						<ele>111</ele>
						<time>2026-09-12T08:03:41Z</time>
					</trkpt>
					<trkpt lat="48.747240" lon="2.787980">
						<ele>110</ele>
						<time>2026-09-12T08:03:45Z</time>
					</trkpt>
					<trkpt lat="48.747360" lon="2.787960">
						<ele>110</ele>
						<time>2026-09-12T08:03:47Z</time>
					</trkpt>
					<trkpt lat="48.747680" lon="2.787720">
						<ele>109</ele>
						<time>2026-09-12T08:03:53Z</time>
					</trkpt>
					<trkpt lat="48.747940" lon="2.787500">
						<ele>108</ele>
						<time>2026-09-12T08:03:58Z</time>
					</trkpt>
					<trkpt lat="48.749770" lon="2.785650">
						<ele>105</ele>
						<time>2026-09-12T08:04:38Z</time>
					</trkpt>
					<trkpt lat="48.750080" lon="2.785280">
						<ele>106</ele>
						<time>2026-09-12T08:04:45Z</time>
					</trkpt>
					<trkpt lat="48.750450" lon="2.784710">
						<ele>105</ele>
						<time>2026-09-12T08:04:54Z</time>
					</trkpt>
					<trkpt lat="48.752230" lon="2.782400">
						<ele>108</ele>
						<time>2026-09-12T08:05:36Z</time>
					</trkpt>
					<trkpt lat="48.752580" lon="2.781920">
						<ele>107</ele>
						<time>2026-09-12T08:05:44Z</time>
					</trkpt>
					<trkpt lat="48.752730" lon="2.781780">
						<ele>107</ele>
						<time>2026-09-12T08:05:47Z</time>
					</trkpt>
					<trkpt lat="48.752840" lon="2.781740">
						<ele>107</ele>
						<time>2026-09-12T08:05:49Z</time>
					</trkpt>
					<trkpt lat="48.753040" lon="2.781750">
						<ele>107</ele>
						<time>2026-09-12T08:05:53Z</time>
					</trkpt>
					<trkpt lat="48.753960" lon="2.781980">
						<ele>107</ele>
						<time>2026-09-12T08:06:09Z</time>
					</trkpt>
					<trkpt lat="48.754200" lon="2.782050">
						<ele>106</ele>
						<time>2026-09-12T08:06:14Z</time>
					</trkpt>
					<trkpt lat="48.754360" lon="2.782160">
						<ele>106</ele>
						<time>2026-09-12T08:06:17Z</time>
					</trkpt>
					<trkpt lat="48.754790" lon="2.782540">
						<ele>107</ele>
						<time>2026-09-12T08:06:26Z</time>
					</trkpt>
					<trkpt lat="48.755030" lon="2.782730">
						<ele>107</ele>
						<time>2026-09-12T08:06:30Z</time>
					</trkpt>
					<trkpt lat="48.755240" lon="2.782850">
						<ele>108</ele>
						<time>2026-09-12T08:06:34Z</time>
					</trkpt>
					<trkpt lat="48.755440" lon="2.782910">
						<ele>109</ele>
						<time>2026-09-12T08:06:38Z</time>
					</trkpt>
					<trkpt lat="48.756580" lon="2.783260">
						<ele>113</ele>
						<time>2026-09-12T08:06:59Z</time>
					</trkpt>
					<trkpt lat="48.756860" lon="2.783300">
						<ele>113</ele>
						<time>2026-09-12T08:07:04Z</time>
					</trkpt>
					<trkpt lat="48.757130" lon="2.783250">
						<ele>112</ele>
						<time>2026-09-12T08:07:09Z</time>
					</trkpt>
					<trkpt lat="48.757250" lon="2.783180">
						<ele>112</ele>
						<time>2026-09-12T08:07:11Z</time>
					</trkpt>
					<trkpt lat="48.757310" lon="2.783120">
						<ele>112</ele>
						<time>2026-09-12T08:07:12Z</time>
					</trkpt>
					<trkpt lat="48.757400" lon="2.782980">
						<ele>112</ele>
						<time>2026-09-12T08:07:15Z</time>
					</trkpt>
					<trkpt lat="48.758370" lon="2.780550">
						<ele>111</ele>
						<time>2026-09-12T08:07:48Z</time>
					</trkpt>
					<trkpt lat="48.758570" lon="2.780000">
						<ele>111</ele>
						<time>2026-09-12T08:07:55Z</time>
					</trkpt>
					<trkpt lat="48.759440" lon="2.778100">
						<ele>101</ele>
						<time>2026-09-12T08:08:22Z</time>
					</trkpt>
					<trkpt lat="48.759620" lon="2.777830">
						<ele>101</ele>
						<time>2026-09-12T08:08:27Z</time>
					</trkpt>
					<trkpt lat="48.759980" lon="2.777460">
						<ele>101</ele>
						<time>2026-09-12T08:08:35Z</time>
					</trkpt>
					<trkpt lat="48.760200" lon="2.777190">
						<ele>101</ele>
						<time>2026-09-12T08:08:40Z</time>
					</trkpt>
					<trkpt lat="48.760410" lon="2.776870">
						<ele>102</ele>
						<time>2026-09-12T08:08:45Z</time>
					</trkpt>
					<trkpt lat="48.760560" lon="2.776430">
						<ele>101</ele>
						<time>2026-09-12T08:08:51Z</time>
					</trkpt>
					<trkpt lat="48.760970" lon="2.775730">
						<ele>99</ele>
						<time>2026-09-12T08:09:02Z</time>
					</trkpt>
					<trkpt lat="48.761260" lon="2.775350">
						<ele>98</ele>
						<time>2026-09-12T08:09:09Z</time>
					</trkpt>
					<trkpt lat="48.761330" lon="2.775270">
						<ele>98</ele>
						<time>2026-09-12T08:09:10Z</time>
					</trkpt>
					<trkpt lat="48.761370" lon="2.775230">
						<ele>98</ele>
						<time>2026-09-12T08:09:11Z</time>
					</trkpt>
					<trkpt lat="48.761490" lon="2.775420">
						<ele>98</ele>
						<time>2026-09-12T08:09:14Z</time>
					</trkpt>
					<trkpt lat="48.761670" lon="2.775610">
						<ele>98</ele>
						<time>2026-09-12T08:09:18Z</time>
					</trkpt>
					<trkpt lat="48.762050" lon="2.775830">
						<ele>98</ele>
						<time>2026-09-12T08:09:25Z</time>
					</trkpt>
					<trkpt lat="48.762670" lon="2.776140">
						<ele>100</ele>
						<time>2026-09-12T08:09:37Z</time>
					</trkpt>
					<trkpt lat="48.762930" lon="2.776230">
						<ele>100</ele>
						<time>2026-09-12T08:09:42Z</time>
					</trkpt>
					<trkpt lat="48.762990" lon="2.776180">
						<ele>100</ele>
						<time>2026-09-12T08:09:43Z</time>
					</trkpt>
					<trkpt lat="48.763250" lon="2.775850">
						<ele>101</ele>
						<time>2026-09-12T08:09:49Z</time>
					</trkpt>
					<trkpt lat="48.763560" lon="2.775600">
						<ele>102</ele>
						<time>2026-09-12T08:09:55Z</time>
					</trkpt>
					<trkpt lat="48.763590" lon="2.775520">
						<ele>103</ele>
						<time>2026-09-12T08:09:56Z</time>
					</trkpt>
					<trkpt lat="48.763680" lon="2.775520">
						<ele>103</ele>
						<time>2026-09-12T08:09:58Z</time>
					</trkpt>
					<trkpt lat="48.764240" lon="2.775260">
						<ele>104</ele>
						<time>2026-09-12T08:10:08Z</time>
					</trkpt>
					<trkpt lat="48.764330" lon="2.775250">
						<ele>104</ele>
						<time>2026-09-12T08:10:10Z</time>
					</trkpt>
					<trkpt lat="48.764610" lon="2.775300">
						<ele>105</ele>
						<time>2026-09-12T08:10:15Z</time>
					</trkpt>
					<trkpt lat="48.764880" lon="2.775370">
						<ele>105</ele>
						<time>2026-09-12T08:10:20Z</time>
					</trkpt>
					<trkpt lat="48.765630" lon="2.775490">
						<ele>106</ele>
						<time>2026-09-12T08:10:33Z</time>
					</trkpt>
					<trkpt lat="48.766350" lon="2.775430">
						<ele>106</ele>
						<time>2026-09-12T08:10:46Z</time>
					</trkpt>
					<trkpt lat="48.767160" lon="2.775410">
						<ele>106</ele>
						<time>2026-09-12T08:11:00Z</time>
					</trkpt>
					<trkpt lat="48.768770" lon="2.775730">
						<ele>107</ele>
						<time>2026-09-12T08:11:29Z</time>
					</trkpt>
					<trkpt lat="48.769420" lon="2.775860">
						<ele>109</ele>
						<time>2026-09-12T08:11:41Z</time>
					</trkpt>
					<trkpt lat="48.769710" lon="2.775880">
						<ele>109</ele>
						<time>2026-09-12T08:11:46Z</time>
					</trkpt>
					<trkpt lat="48.770180" lon="2.775840">
						<ele>110</ele>
						<time>2026-09-12T08:11:54Z</time>
					</trkpt>
					<trkpt lat="48.770400" lon="2.775780">
						<ele>109</ele>
						<time>2026-09-12T08:11:58Z</time>
					</trkpt>
					<trkpt lat="48.770910" lon="2.775580">
						<ele>109</ele>
						<time>2026-09-12T08:12:08Z</time>
					</trkpt>
					<trkpt lat="48.771680" lon="2.775230">
						<ele>110</ele>
						<time>2026-09-12T08:12:22Z</time>
					</trkpt>
					<trkpt lat="48.771820" lon="2.775180">
						<ele>110</ele>
						<time>2026-09-12T08:12:25Z</time>
					</trkpt>
					<trkpt lat="48.771930" lon="2.775170">
						<ele>110</ele>
						<time>2026-09-12T08:12:27Z</time>
					</trkpt>
					<trkpt lat="48.772040" lon="2.775210">
						<ele>110</ele>
						<time>2026-09-12T08:12:29Z</time>
					</trkpt>
					<trkpt lat="48.772150" lon="2.775300">
						<ele>110</ele>
						<time>2026-09-12T08:12:31Z</time>
					</trkpt>
					<trkpt lat="48.772400" lon="2.775600">
						<ele>110</ele>
						<time>2026-09-12T08:12:36Z</time>
					</trkpt>
					<trkpt lat="48.773870" lon="2.777160">
						<ele>112</ele>
						<time>2026-09-12T08:13:08Z</time>
					</trkpt>
					<trkpt lat="48.774900" lon="2.778140">
						<ele>110</ele>
						<time>2026-09-12T08:13:30Z</time>
					</trkpt>
					<trkpt lat="48.775100" lon="2.778290">
						<ele>110</ele>
						<time>2026-09-12T08:13:34Z</time>
					</trkpt>
					<trkpt lat="48.775320" lon="2.778410">
						<ele>110</ele>
						<time>2026-09-12T08:13:38Z</time>
					</trkpt>
					<trkpt lat="48.775540" lon="2.778470">
						<ele>110</ele>
						<time>2026-09-12T08:13:42Z</time>
					</trkpt>
					<trkpt lat="48.776820" lon="2.778550">
						<ele>111</ele>
						<time>2026-09-12T08:14:05Z</time>
					</trkpt>
					<trkpt lat="48.777060" lon="2.778520">
						<ele>112</ele>
						<time>2026-09-12T08:14:09Z</time>
					</trkpt>
					<trkpt lat="48.777420" lon="2.778430">
						<ele>114</ele>
						<time>2026-09-12T08:14:16Z</time>
					</trkpt>
					<trkpt lat="48.777690" lon="2.778290">
						<ele>114</ele>
						<time>2026-09-12T08:14:21Z</time>
					</trkpt>
					<trkpt lat="48.778060" lon="2.777880">
						<ele>114</ele>
						<time>2026-09-12T08:14:29Z</time>
					</trkpt>
					<trkpt lat="48.778380" lon="2.777620">
						<ele>115</ele>
						<time>2026-09-12T08:14:35Z</time>
					</trkpt>
					<trkpt lat="48.779860" lon="2.776540">
						<ele>113</ele>
						<time>2026-09-12T08:15:05Z</time>
					</trkpt>
					<trkpt lat="48.780760" lon="2.775800">
						<ele>116</ele>
						<time>2026-09-12T08:15:23Z</time>
					</trkpt>
					<trkpt lat="48.781510" lon="2.775260">
						<ele>116</ele>
						<time>2026-09-12T08:15:38Z</time>
					</trkpt>
					<trkpt lat="48.782440" lon="2.774550">
						<ele>117</ele>
						<time>2026-09-12T08:15:56Z</time>
					</trkpt>
					<trkpt lat="48.783790" lon="2.773460">
						<ele>119</ele>
						<time>2026-09-12T08:16:23Z</time>
					</trkpt>
					<trkpt lat="48.784000" lon="2.773110">
						<ele>119</ele>
						<time>2026-09-12T08:16:29Z</time>
					</trkpt>
					<trkpt lat="48.784470" lon="2.772190">
						<ele>120</ele>
						<time>2026-09-12T08:16:42Z</time>
					</trkpt>
					<trkpt lat="48.784860" lon="2.771460">
						<ele>121</ele>
						<time>2026-09-12T08:16:54Z</time>
					</trkpt>
					<trkpt lat="48.784980" lon="2.771310">
						<ele>121</ele>
						<time>2026-09-12T08:16:56Z</time>
					</trkpt>
					<trkpt lat="48.785130" lon="2.771170">
						<ele>120</ele>
						<time>2026-09-12T08:16:59Z</time>
					</trkpt>
					<trkpt lat="48.785930" lon="2.770790">
						<ele>118</ele>
						<time>2026-09-12T08:17:14Z</time>
					</trkpt>
					<trkpt lat="48.786650" lon="2.770540">
						<ele>119</ele>
						<time>2026-09-12T08:17:27Z</time>
					</trkpt>
					<trkpt lat="48.787290" lon="2.770380">
						<ele>120</ele>
						<time>2026-09-12T08:17:39Z</time>
					</trkpt>
					<trkpt lat="48.787440" lon="2.770300">
						<ele>120</ele>
						<time>2026-09-12T08:17:42Z</time>
					</trkpt>
					<trkpt lat="48.787570" lon="2.770190">
						<ele>120</ele>
						<time>2026-09-12T08:17:44Z</time>
					</trkpt>
					<trkpt lat="48.787940" lon="2.769630">
						<ele>118</ele>
						<time>2026-09-12T08:17:54Z</time>
					</trkpt>
					<trkpt lat="48.788160" lon="2.769350">
						<ele>117</ele>
						<time>2026-09-12T08:17:59Z</time>
					</trkpt>
					<trkpt lat="48.788490" lon="2.769170">
						<ele>117</ele>
						<time>2026-09-12T08:18:05Z</time>
					</trkpt>
					<trkpt lat="48.788850" lon="2.769040">
						<ele>119</ele>
						<time>2026-09-12T08:18:12Z</time>
					</trkpt>
					<trkpt lat="48.789220" lon="2.769050">
						<ele>121</ele>
						<time>2026-09-12T08:18:18Z</time>
					</trkpt>
					<trkpt lat="48.789890" lon="2.769160">
						<ele>122</ele>
						<time>2026-09-12T08:18:30Z</time>
					</trkpt>
					<trkpt lat="48.790310" lon="2.769190">
						<ele>122</ele>
						<time>2026-09-12T08:18:38Z</time>
					</trkpt>
					<trkpt lat="48.791300" lon="2.769130">
						<ele>122</ele>
						<time>2026-09-12T08:18:55Z</time>
					</trkpt>
					<trkpt lat="48.791640" lon="2.769080">
						<ele>123</ele>
						<time>2026-09-12T08:19:01Z</time>
					</trkpt>
					<trkpt lat="48.791840" lon="2.769030">
						<ele>122</ele>
						<time>2026-09-12T08:19:05Z</time>
					</trkpt>
					<trkpt lat="48.792970" lon="2.768560">
						<ele>119</ele>
						<time>2026-09-12T08:19:26Z</time>
					</trkpt>
					<trkpt lat="48.793320" lon="2.768400">
						<ele>118</ele>
						<time>2026-09-12T08:19:32Z</time>
					</trkpt>
					<trkpt lat="48.793660" lon="2.768190">
						<ele>116</ele>
						<time>2026-09-12T08:19:39Z</time>
					</trkpt>
					<trkpt lat="48.795290" lon="2.766800">
						<ele>113</ele>
						<time>2026-09-12T08:20:12Z</time>
					</trkpt>
					<trkpt lat="48.795480" lon="2.766560">
						<ele>113</ele>
						<time>2026-09-12T08:20:17Z</time>
					</trkpt>
					<trkpt lat="48.796940" lon="2.764590">
						<ele>116</ele>
						<time>2026-09-12T08:20:51Z</time>
					</trkpt>
					<trkpt lat="48.797180" lon="2.764170">
						<ele>117</ele>
						<time>2026-09-12T08:20:58Z</time>
					</trkpt>
					<trkpt lat="48.797430" lon="2.763180">
						<ele>118</ele>
						<time>2026-09-12T08:21:10Z</time>
					</trkpt>
					<trkpt lat="48.797590" lon="2.762700">
						<ele>119</ele>
						<time>2026-09-12T08:21:17Z</time>
					</trkpt>
					<trkpt lat="48.797880" lon="2.762190">
						<ele>120</ele>
						<time>2026-09-12T08:21:25Z</time>
					</trkpt>
					<trkpt lat="48.798200" lon="2.761750">
						<ele>122</ele>
						<time>2026-09-12T08:21:32Z</time>
					</trkpt>
					<trkpt lat="48.798660" lon="2.761130">
						<ele>123</ele>
						<time>2026-09-12T08:21:43Z</time>
					</trkpt>
					<trkpt lat="48.798860" lon="2.760970">
						<ele>123</ele>
						<time>2026-09-12T08:21:47Z</time>
					</trkpt>
					<trkpt lat="48.801070" lon="2.760440">
						<ele>126</ele>
						<time>2026-09-12T08:22:27Z</time>
					</trkpt>
					<trkpt lat="48.801220" lon="2.760420">
						<ele>127</ele>
						<time>2026-09-12T08:22:30Z</time>
					</trkpt>
					<trkpt lat="48.801420" lon="2.760420">
						<ele>127</ele>
						<time>2026-09-12T08:22:33Z</time>
					</trkpt>
					<trkpt lat="48.801840" lon="2.760520">
						<ele>128</ele>
						<time>2026-09-12T08:22:41Z</time>
					</trkpt>
					<trkpt lat="48.802780" lon="2.760880">
						<ele>128</ele>
						<time>2026-09-12T08:22:58Z</time>
					</trkpt>
					<trkpt lat="48.803200" lon="2.760980">
						<ele>128</ele>
						<time>2026-09-12T08:23:06Z</time>
					</trkpt>
					<trkpt lat="48.803540" lon="2.760880">
						<ele>127</ele>
						<time>2026-09-12T08:23:12Z</time>
					</trkpt>
					<trkpt lat="48.804660" lon="2.760080">
						<ele>120</ele>
						<time>2026-09-12T08:23:34Z</time>
					</trkpt>
					<trkpt lat="48.805950" lon="2.759180">
						<ele>124</ele>
						<time>2026-09-12T08:23:59Z</time>
					</trkpt>
					<trkpt lat="48.806190" lon="2.759200">
						<ele>125</ele>
						<time>2026-09-12T08:24:03Z</time>
					</trkpt>
					<trkpt lat="48.806290" lon="2.759170">
						<ele>126</ele>
						<time>2026-09-12T08:24:05Z</time>
					</trkpt>
					<trkpt lat="48.806390" lon="2.759090">
						<ele>127</ele>
						<time>2026-09-12T08:24:07Z</time>
					</trkpt>
					<trkpt lat="48.806630" lon="2.758720">
						<ele>129</ele>
						<time>2026-09-12T08:24:13Z</time>
					</trkpt>
					<trkpt lat="48.807030" lon="2.758440">
						<ele>129</ele>
						<time>2026-09-12T08:24:21Z</time>
					</trkpt>
					<trkpt lat="48.808460" lon="2.757750">
						<ele>124</ele>
						<time>2026-09-12T08:24:48Z</time>
					</trkpt>
					<trkpt lat="48.811420" lon="2.756140">
						<ele>126</ele>
						<time>2026-09-12T08:25:44Z</time>
					</trkpt>
					<trkpt lat="48.812940" lon="2.755440">
						<ele>128</ele>
						<time>2026-09-12T08:26:12Z</time>
					</trkpt>
					<trkpt lat="48.813030" lon="2.755420">
						<ele>128</ele>
						<time>2026-09-12T08:26:14Z</time>
					</trkpt>
					<trkpt lat="48.813780" lon="2.755640">
						<ele>128</ele>
						<time>2026-09-12T08:26:27Z</time>
					</trkpt>
					<trkpt lat="48.814450" lon="2.755900">
						<ele>128</ele>
						<time>2026-09-12T08:26:39Z</time>
					</trkpt>
					<trkpt lat="48.817430" lon="2.757480">
						<ele>128</ele>
						<time>2026-09-12T08:27:36Z</time>
					</trkpt>
					<trkpt lat="48.817670" lon="2.757510">
						<ele>128</ele>
						<time>2026-09-12T08:27:40Z</time>
					</trkpt>
					<trkpt lat="48.817870" lon="2.757500">
						<ele>128</ele>
						<time>2026-09-12T08:27:43Z</time>
					</trkpt>
					<trkpt lat="48.818400" lon="2.757190">
						<ele>128</ele>
						<time>2026-09-12T08:27:54Z</time>
					</trkpt>
					<trkpt lat="48.818540" lon="2.757070">
						<ele>128</ele>
						<time>2026-09-12T08:27:56Z</time>
					</trkpt>
					<trkpt lat="48.820720" lon="2.755610">
						<ele>130</ele>
						<time>2026-09-12T08:28:39Z</time>
					</trkpt>
					<trkpt lat="48.822240" lon="2.754840">
						<ele>128</ele>
						<time>2026-09-12T08:29:07Z</time>
					</trkpt>
					<trkpt lat="48.822610" lon="2.754670">
						<ele>127</ele>
						<time>2026-09-12T08:29:14Z</time>
					</trkpt>
					<trkpt lat="48.822760" lon="2.754630">
						<ele>127</ele>
						<time>2026-09-12T08:29:17Z</time>
					</trkpt>
					<trkpt lat="48.823140" lon="2.754760">
						<ele>128</ele>
						<time>2026-09-12T08:29:24Z</time>
					</trkpt>
					<trkpt lat="48.825570" lon="2.755200">
						<ele>127</ele>
						<time>2026-09-12T08:30:07Z</time>
					</trkpt>
					<trkpt lat="48.827650" lon="2.755550">
						<ele>132</ele>
						<time>2026-09-12T08:30:45Z</time>
					</trkpt>
					<trkpt lat="48.828440" lon="2.755710">
						<ele>132</ele>
						<time>2026-09-12T08:30:59Z</time>
					</trkpt>
					<trkpt lat="48.828910" lon="2.755770">
						<ele>131</ele>
						<time>2026-09-12T08:31:07Z</time>
					</trkpt>
					<trkpt lat="48.829470" lon="2.755740">
						<ele>129</ele>
						<time>2026-09-12T08:31:17Z</time>
					</trkpt>
					<trkpt lat="48.829820" lon="2.755660">
						<ele>128</ele>
						<time>2026-09-12T08:31:24Z</time>
					</trkpt>
					<trkpt lat="48.830050" lon="2.755580">
						<ele>127</ele>
						<time>2026-09-12T08:31:28Z</time>
					</trkpt>
					<trkpt lat="48.830730" lon="2.755380">
						<ele>125</ele>
						<time>2026-09-12T08:31:40Z</time>
					</trkpt>
					<trkpt lat="48.831660" lon="2.755090">
						<ele>124</ele>
						<time>2026-09-12T08:31:57Z</time>
					</trkpt>
					<trkpt lat="48.832070" lon="2.754880">
						<ele>124</ele>
						<time>2026-09-12T08:32:05Z</time>
					</trkpt>
					<trkpt lat="48.834130" lon="2.753390">
						<ele>125</ele>
						<time>2026-09-12T08:32:45Z</time>
					</trkpt>
					<trkpt lat="48.834450" lon="2.753220">
						<ele>125</ele>
						<time>2026-09-12T08:32:51Z</time>
					</trkpt>
					<trkpt lat="48.835520" lon="2.753140">
						<ele>127</ele>
						<time>2026-09-12T08:33:10Z</time>
					</trkpt>
					<trkpt lat="48.836480" lon="2.753000">
						<ele>128</ele>
						<time>2026-09-12T08:33:27Z</time>
					</trkpt>
					<trkpt lat="48.837270" lon="2.752930">
						<ele>129</ele>
						<time>2026-09-12T08:33:42Z</time>
					</trkpt>
					<trkpt lat="48.837850" lon="2.752960">
						<ele>129</ele>
						<time>2026-09-12T08:33:52Z</time>
					</trkpt>
					<trkpt lat="48.837950" lon="2.753000">
						<ele>129</ele>
						<time>2026-09-12T08:33:54Z</time>
					</trkpt>
					<trkpt lat="48.838040" lon="2.752950">
						<ele>129</ele>
						<time>2026-09-12T08:33:55Z</time>
					</trkpt>
					<trkpt lat="48.839510" lon="2.753010">
						<ele>127</ele>
						<time>2026-09-12T08:34:22Z</time>
					</trkpt>
					<trkpt lat="48.839880" lon="2.752940">
						<ele>126</ele>
						<time>2026-09-12T08:34:28Z</time>
					</trkpt>
					<trkpt lat="48.840150" lon="2.752790">
						<ele>125</ele>
						<time>2026-09-12T08:34:33Z</time>
					</trkpt>
					<trkpt lat="48.841170" lon="2.752030">
						<ele>125</ele>
						<time>2026-09-12T08:34:54Z</time>
					</trkpt>
					<trkpt lat="48.842140" lon="2.751130">
						<ele>123</ele>
						<time>2026-09-12T08:35:14Z</time>
					</trkpt>
					<trkpt lat="48.842500" lon="2.750830">
						<ele>123</ele>
						<time>2026-09-12T08:35:21Z</time>
					</trkpt>
					<trkpt lat="48.843070" lon="2.750440">
						<ele>123</ele>
						<time>2026-09-12T08:35:32Z</time>
					</trkpt>
					<trkpt lat="48.843500" lon="2.750180">
						<ele>123</ele>
						<time>2026-09-12T08:35:40Z</time>
					</trkpt>
					<trkpt lat="48.843600" lon="2.750080">
						<ele>123</ele>
						<time>2026-09-12T08:35:43Z</time>
					</trkpt>
					<trkpt lat="48.843720" lon="2.749840">
						<ele>123</ele>
						<time>2026-09-12T08:35:46Z</time>
					</trkpt>
					<trkpt lat="48.844900" lon="2.745800">
						<ele>116</ele>
						<time>2026-09-12T08:36:38Z</time>
					</trkpt>
					<trkpt lat="48.844990" lon="2.745500">
						<ele>116</ele>
						<time>2026-09-12T08:36:42Z</time>
					</trkpt>
					<trkpt lat="48.845050" lon="2.745420">
						<ele>116</ele>
						<time>2026-09-12T08:36:43Z</time>
					</trkpt>
					<trkpt lat="48.845140" lon="2.745350">
						<ele>116</ele>
						<time>2026-09-12T08:36:45Z</time>
					</trkpt>
					<trkpt lat="48.845240" lon="2.745340">
						<ele>116</ele>
						<time>2026-09-12T08:36:47Z</time>
					</trkpt>
					<trkpt lat="48.845310" lon="2.745290">
						<ele>116</ele>
						<time>2026-09-12T08:36:48Z</time>
					</trkpt>
					<trkpt lat="48.845360" lon="2.745210">
						<ele>117</ele>
						<time>2026-09-12T08:36:49Z</time>
					</trkpt>
					<trkpt lat="48.845400" lon="2.745120">
						<ele>117</ele>
						<time>2026-09-12T08:36:51Z</time>
					</trkpt>
					<trkpt lat="48.845420" lon="2.745000">
						<ele>117</ele>
						<time>2026-09-12T08:36:52Z</time>
					</trkpt>
					<trkpt lat="48.845420" lon="2.744880">
						<ele>117</ele>
						<time>2026-09-12T08:36:54Z</time>
					</trkpt>
					<trkpt lat="48.845390" lon="2.744770">
						<ele>117</ele>
						<time>2026-09-12T08:36:55Z</time>
					</trkpt>
					<trkpt lat="48.845350" lon="2.744680">
						<ele>116</ele>
						<time>2026-09-12T08:36:56Z</time>
					</trkpt>
					<trkpt lat="48.845330" lon="2.744380">
						<ele>116</ele>
						<time>2026-09-12T08:37:00Z</time>
					</trkpt>
					<trkpt lat="48.845640" lon="2.743320">
						<ele>113</ele>
						<time>2026-09-12T08:37:13Z</time>
					</trkpt>
					<trkpt lat="48.846240" lon="2.741730">
						<ele>113</ele>
						<time>2026-09-12T08:37:35Z</time>
					</trkpt>
					<trkpt lat="48.846530" lon="2.741010">
						<ele>114</ele>
						<time>2026-09-12T08:37:45Z</time>
					</trkpt>
					<trkpt lat="48.848060" lon="2.737060">
						<ele>109</ele>
						<time>2026-09-12T08:38:38Z</time>
					</trkpt>
					<trkpt lat="48.848350" lon="2.736340">
						<ele>108</ele>
						<time>2026-09-12T08:38:48Z</time>
					</trkpt>
					<trkpt lat="48.848530" lon="2.736000">
						<ele>108</ele>
						<time>2026-09-12T08:38:53Z</time>
					</trkpt>
					<trkpt lat="48.848690" lon="2.735760">
						<ele>108</ele>
						<time>2026-09-12T08:38:57Z</time>
					</trkpt>
					<trkpt lat="48.849510" lon="2.734840">
						<ele>106</ele>
						<time>2026-09-12T08:39:15Z</time>
					</trkpt>
					<trkpt lat="48.849610" lon="2.734740">
						<ele>106</ele>
						<time>2026-09-12T08:39:18Z</time>
					</trkpt>
					<trkpt lat="48.849730" lon="2.734740">
						<ele>106</ele>
						<time>2026-09-12T08:39:20Z</time>
					</trkpt>
					<trkpt lat="48.849810" lon="2.734800">
						<ele>106</ele>
						<time>2026-09-12T08:39:21Z</time>
					</trkpt>
					<trkpt lat="48.849900" lon="2.734800">
						<ele>105</ele>
						<time>2026-09-12T08:39:23Z</time>
					</trkpt>
					<trkpt lat="48.849990" lon="2.734760">
						<ele>105</ele>
						<time>2026-09-12T08:39:25Z</time>
					</trkpt>
					<trkpt lat="48.850050" lon="2.734670">
						<ele>105</ele>
						<time>2026-09-12T08:39:26Z</time>
					</trkpt>
					<trkpt lat="48.850090" lon="2.734560">
						<ele>105</ele>
						<time>2026-09-12T08:39:28Z</time>
					</trkpt>
					<trkpt lat="48.850100" lon="2.734430">
						<ele>105</ele>
						<time>2026-09-12T08:39:29Z</time>
					</trkpt>
					<trkpt lat="48.850080" lon="2.734300">
						<ele>105</ele>
						<time>2026-09-12T08:39:31Z</time>
					</trkpt>
					<trkpt lat="48.850030" lon="2.734200">
						<ele>105</ele>
						<time>2026-09-12T08:39:32Z</time>
					</trkpt>
					<trkpt lat="48.849960" lon="2.734130">
						<ele>105</ele>
						<time>2026-09-12T08:39:34Z</time>
					</trkpt>
					<trkpt lat="48.849940" lon="2.733910">
						<ele>105</ele>
						<time>2026-09-12T08:39:36Z</time>
					</trkpt>
					<trkpt lat="48.849970" lon="2.733610">
						<ele>105</ele>
						<time>2026-09-12T08:39:40Z</time>
					</trkpt>
					<trkpt lat="48.852110" lon="2.725330">
						<ele>110</ele>
						<time>2026-09-12T08:41:24Z</time>
					</trkpt>
					<trkpt lat="48.852210" lon="2.724900">
						<ele>110</ele>
						<time>2026-09-12T08:41:29Z</time>
					</trkpt>
					<trkpt lat="48.852280" lon="2.724430">
						<ele>110</ele>
						<time>2026-09-12T08:41:35Z</time>
					</trkpt>
					<trkpt lat="48.852320" lon="2.723860">
						<ele>110</ele>
						<time>2026-09-12T08:41:42Z</time>
					</trkpt>
					<trkpt lat="48.852350" lon="2.722870">
						<ele>110</ele>
						<time>2026-09-12T08:41:53Z</time>
					</trkpt>
					<trkpt lat="48.852440" lon="2.719380">
						<ele>112</ele>
						<time>2026-09-12T08:42:34Z</time>
					</trkpt>
					<trkpt lat="48.852440" lon="2.718950">
						<ele>112</ele>
						<time>2026-09-12T08:42:39Z</time>
					</trkpt>
					<trkpt lat="48.852410" lon="2.718410">
						<ele>112</ele>
						<time>2026-09-12T08:42:45Z</time>
					</trkpt>
					<trkpt lat="48.852380" lon="2.718160">
						<ele>112</ele>
						<time>2026-09-12T08:42:48Z</time>
					</trkpt>
					<trkpt lat="48.852390" lon="2.717900">
						<ele>112</ele>
						<time>2026-09-12T08:42:51Z</time>
					</trkpt>
					<trkpt lat="48.852420" lon="2.717810">
						<ele>112</ele>
						<time>2026-09-12T08:42:53Z</time>
					</trkpt>
					<trkpt lat="48.852470" lon="2.717710">
						<ele>111</ele>
						<time>2026-09-12T08:42:54Z</time>
					</trkpt>
					<trkpt lat="48.852490" lon="2.717560">
						<ele>111</ele>
						<time>2026-09-12T08:42:56Z</time>
					</trkpt>
					<trkpt lat="48.852440" lon="2.717420">
						<ele>111</ele>
						<time>2026-09-12T08:42:58Z</time>
					</trkpt>
					<trkpt lat="48.852440" lon="2.717260">
						<ele>111</ele>
						<time>2026-09-12T08:43:00Z</time>
					</trkpt>
					<trkpt lat="48.852510" lon="2.716690">
						<ele>111</ele>
						<time>2026-09-12T08:43:06Z</time>
					</trkpt>
					<trkpt lat="48.852570" lon="2.714470">
						<ele>107</ele>
						<time>2026-09-12T08:43:32Z</time>
					</trkpt>
					<trkpt lat="48.852650" lon="2.713990">
						<ele>107</ele>
						<time>2026-09-12T08:43:38Z</time>
					</trkpt>
					<trkpt lat="48.852780" lon="2.713710">
						<ele>106</ele>
						<time>2026-09-12T08:43:42Z</time>
					</trkpt>
					<trkpt lat="48.852970" lon="2.713380">
						<ele>106</ele>
						<time>2026-09-12T08:43:47Z</time>
					</trkpt>
					<trkpt lat="48.853740" lon="2.712170">
						<ele>104</ele>
						<time>2026-09-12T08:44:07Z</time>
					</trkpt>
					<trkpt lat="48.853940" lon="2.711710">
						<ele>104</ele>
						<time>2026-09-12T08:44:14Z</time>
					</trkpt>
					<trkpt lat="48.854140" lon="2.709810">
						<ele>102</ele>
						<time>2026-09-12T08:44:36Z</time>
					</trkpt>
					<trkpt lat="48.854630" lon="2.705580">
						<ele>99</ele>
						<time>2026-09-12T08:45:26Z</time>
					</trkpt>
					<trkpt lat="48.854770" lon="2.704610">
						<ele>98</ele>
						<time>2026-09-12T08:45:38Z</time>
					</trkpt>
					<trkpt lat="48.854860" lon="2.704260">
						<ele>98</ele>
						<time>2026-09-12T08:45:42Z</time>
					</trkpt>
					<trkpt lat="48.854980" lon="2.703140">
						<ele>98</ele>
						<time>2026-09-12T08:45:56Z</time>
					</trkpt>
					<trkpt lat="48.855010" lon="2.702600">
						<ele>100</ele>
						<time>2026-09-12T08:46:02Z</time>
					</trkpt>
					<trkpt lat="48.855000" lon="2.701750">
						<ele>98</ele>
						<time>2026-09-12T08:46:12Z</time>
					</trkpt>
					<trkpt lat="48.855010" lon="2.701260">
						<ele>97</ele>
						<time>2026-09-12T08:46:18Z</time>
					</trkpt>
					<trkpt lat="48.855300" lon="2.698910">
						<ele>92</ele>
						<time>2026-09-12T08:46:46Z</time>
					</trkpt>
					<trkpt lat="48.855300" lon="2.698610">
						<ele>92</ele>
						<time>2026-09-12T08:46:49Z</time>
					</trkpt>
					<trkpt lat="48.853930" lon="2.690600">
						<ele>81</ele>
						<time>2026-09-12T08:48:26Z</time>
					</trkpt>
					<trkpt lat="48.857970" lon="2.689250">
						<ele>58</ele>
						<time>2026-09-12T08:49:40Z</time>
					</trkpt>
					<trkpt lat="48.858160" lon="2.689230">
						<ele>57</ele>
						<time>2026-09-12T08:49:43Z</time>
					</trkpt>
					<trkpt lat="48.859090" lon="2.689530">
						<ele>54</ele>
						<time>2026-09-12T08:50:00Z</time>
					</trkpt>
					<trkpt lat="48.859580" lon="2.690100">
						<ele>54</ele>
						<time>2026-09-12T08:50:11Z</time>
					</trkpt>
					<trkpt lat="48.859710" lon="2.690210">
						<ele>53</ele>
						<time>2026-09-12T08:50:14Z</time>
					</trkpt>
					<trkpt lat="48.859850" lon="2.690250">
						<ele>53</ele>
						<time>2026-09-12T08:50:16Z</time>
					</trkpt>
					<trkpt lat="48.859900" lon="2.690240">
						<ele>53</ele>
						<time>2026-09-12T08:50:17Z</time>
					</trkpt>
					<trkpt lat="48.859980" lon="2.690220">
						<ele>52</ele>
						<time>2026-09-12T08:50:19Z</time>
					</trkpt>
					<trkpt lat="48.860090" lon="2.690200">
						<ele>53</ele>
						<time>2026-09-12T08:50:20Z</time>
					</trkpt>
					<trkpt lat="48.860490" lon="2.690200">
						<ele>54</ele>
						<time>2026-09-12T08:50:28Z</time>
					</trkpt>
					<trkpt lat="48.860640" lon="2.688630">
						<ele>54</ele>
						<time>2026-09-12T08:50:46Z</time>
					</trkpt>
					<trkpt lat="48.860600" lon="2.688260">
						<ele>54</ele>
						<time>2026-09-12T08:50:51Z</time>
					</trkpt>
					<trkpt lat="48.860470" lon="2.687610">
						<ele>54</ele>
						<time>2026-09-12T08:50:59Z</time>
					</trkpt>
					<trkpt lat="48.860190" lon="2.685960">
						<ele>53</ele>
						<time>2026-09-12T08:51:18Z</time>
					</trkpt>
					<trkpt lat="48.860100" lon="2.685210">
						<ele>51</ele>
						<time>2026-09-12T08:51:27Z</time>
					</trkpt>
					<trkpt lat="48.860120" lon="2.684640">
						<ele>51</ele>
						<time>2026-09-12T08:51:34Z</time>
					</trkpt>
					<trkpt lat="48.860190" lon="2.684020">
						<ele>50</ele>
						<time>2026-09-12T08:51:41Z</time>
					</trkpt>
					<trkpt lat="48.860360" lon="2.682850">
						<ele>48</ele>
						<time>2026-09-12T08:51:55Z</time>
					</trkpt>
					<trkpt lat="48.860380" lon="2.682580">
						<ele>48</ele>
						<time>2026-09-12T08:51:59Z</time>
					</trkpt>
					<trkpt lat="48.860370" lon="2.682260">
						<ele>48</ele>
						<time>2026-09-12T08:52:02Z</time>
					</trkpt>
					<trkpt lat="48.860330" lon="2.681430">
						<ele>47</ele>
						<time>2026-09-12T08:52:12Z</time>
					</trkpt>
					<trkpt lat="48.860330" lon="2.681070">
						<ele>47</ele>
						<time>2026-09-12T08:52:16Z</time>
					</trkpt>
					<trkpt lat="48.860370" lon="2.680320">
						<ele>47</ele>
						<time>2026-09-12T08:52:25Z</time>
					</trkpt>
					<trkpt lat="48.860320" lon="2.678920">
						<ele>46</ele>
						<time>2026-09-12T08:52:42Z</time>
					</trkpt>
					<trkpt lat="48.860340" lon="2.678630">
						<ele>45</ele>
						<time>2026-09-12T08:52:45Z</time>
					</trkpt>
					<trkpt lat="48.860380" lon="2.678340">
						<ele>44</ele>
						<time>2026-09-12T08:52:48Z</time>
					</trkpt>
					<trkpt lat="48.860540" lon="2.677800">
						<ele>44</ele>
						<time>2026-09-12T08:52:55Z</time>
					</trkpt>
					<trkpt lat="48.860600" lon="2.677640">
						<ele>44</ele>
						<time>2026-09-12T08:52:58Z</time>
					</trkpt>
					<trkpt lat="48.860710" lon="2.677490">
						<ele>44</ele>
						<time>2026-09-12T08:53:00Z</time>
					</trkpt>
					<trkpt lat="48.860880" lon="2.677320">
						<ele>44</ele>
						<time>2026-09-12T08:53:04Z</time>
					</trkpt>
					<trkpt lat="48.861500" lon="2.676910">
						<ele>45</ele>
						<time>2026-09-12T08:53:16Z</time>
					</trkpt>
					<trkpt lat="48.862110" lon="2.676470">
						<ele>46</ele>
						<time>2026-09-12T08:53:28Z</time>
					</trkpt>
					<trkpt lat="48.862720" lon="2.675770">
						<ele>46</ele>
						<time>2026-09-12T08:53:41Z</time>
					</trkpt>
					<trkpt lat="48.862810" lon="2.675640">
						<ele>45</ele>
						<time>2026-09-12T08:53:44Z</time>
					</trkpt>
					<trkpt lat="48.863060" lon="2.675030">
						<ele>44</ele>
						<time>2026-09-12T08:53:52Z</time>
					</trkpt>
					<trkpt lat="48.862950" lon="2.674920">
						<ele>44</ele>
						<time>2026-09-12T08:53:54Z</time>
					</trkpt>
					<trkpt lat="48.861230" lon="2.673220">
						<ele>44</ele>
						<time>2026-09-12T08:54:31Z</time>
					</trkpt>
					<trkpt lat="48.861270" lon="2.673130">
						<ele>44</ele>
						<time>2026-09-12T08:54:32Z</time>
					</trkpt>
					<trkpt lat="48.861070" lon="2.672950">
						<ele>44</ele>
						<time>2026-09-12T08:54:36Z</time>
					</trkpt>
					<trkpt lat="48.861030" lon="2.672860">
						<ele>44</ele>
						<time>2026-09-12T08:54:38Z</time>
					</trkpt>
					<trkpt lat="48.860980" lon="2.672490">
						<ele>45</ele>
						<time>2026-09-12T08:54:42Z</time>
					</trkpt>
					<trkpt lat="48.860910" lon="2.672250">
						<ele>45</ele>
						<time>2026-09-12T08:54:45Z</time>
					</trkpt>
					<trkpt lat="48.860900" lon="2.672160">
						<ele>45</ele>
						<time>2026-09-12T08:54:46Z</time>
					</trkpt>
					<trkpt lat="48.861080" lon="2.671400">
						<ele>45</ele>
						<time>2026-09-12T08:54:56Z</time>
					</trkpt>
					<trkpt lat="48.861160" lon="2.670800">
						<ele>46</ele>
						<time>2026-09-12T08:55:03Z</time>
					</trkpt>
					<trkpt lat="48.861170" lon="2.670440">
						<ele>45</ele>
						<time>2026-09-12T08:55:07Z</time>
					</trkpt>
					<trkpt lat="48.861190" lon="2.669200">
						<ele>46</ele>
						<time>2026-09-12T08:55:21Z</time>
					</trkpt>
					<trkpt lat="48.861220" lon="2.668910">
						<ele>46</ele>
						<time>2026-09-12T08:55:25Z</time>
					</trkpt>
					<trkpt lat="48.861240" lon="2.668790">
						<ele>45</ele>
						<time>2026-09-12T08:55:26Z</time>
					</trkpt>
					<trkpt lat="48.861350" lon="2.668600">
						<ele>44</ele>
						<time>2026-09-12T08:55:29Z</time>
					</trkpt>
					<trkpt lat="48.861370" lon="2.668460">
						<ele>44</ele>
						<time>2026-09-12T08:55:31Z</time>
					</trkpt>
					<trkpt lat="48.861370" lon="2.668390">
						<ele>44</ele>
						<time>2026-09-12T08:55:32Z</time>
					</trkpt>
					<trkpt lat="48.861330" lon="2.668260">
						<ele>44</ele>
						<time>2026-09-12T08:55:34Z</time>
					</trkpt>
					<trkpt lat="48.861230" lon="2.668100">
						<ele>45</ele>
						<time>2026-09-12T08:55:36Z</time>
					</trkpt>
					<trkpt lat="48.861180" lon="2.667860">
						<ele>45</ele>
						<time>2026-09-12T08:55:39Z</time>
					</trkpt>
					<trkpt lat="48.861180" lon="2.666660">
						<ele>45</ele>
						<time>2026-09-12T08:55:53Z</time>
					</trkpt>
					<trkpt lat="48.861310" lon="2.665520">
						<ele>43</ele>
						<time>2026-09-12T08:56:07Z</time>
					</trkpt>
					<trkpt lat="48.861300" lon="2.665180">
						<ele>44</ele>
						<time>2026-09-12T08:56:11Z</time>
					</trkpt>
					<trkpt lat="48.861270" lon="2.664970">
						<ele>44</ele>
						<time>2026-09-12T08:56:13Z</time>
					</trkpt>
					<trkpt lat="48.861220" lon="2.664330">
						<ele>43</ele>
						<time>2026-09-12T08:56:21Z</time>
					</trkpt>
					<trkpt lat="48.861180" lon="2.663280">
						<ele>45</ele>
						<time>2026-09-12T08:56:33Z</time>
					</trkpt>
					<trkpt lat="48.861040" lon="2.662070">
						<ele>43</ele>
						<time>2026-09-12T08:56:47Z</time>
					</trkpt>
					<trkpt lat="48.860810" lon="2.660910">
						<ele>43</ele>
						<time>2026-09-12T08:57:02Z</time>
					</trkpt>
					<trkpt lat="48.860280" lon="2.658580">
						<ele>44</ele>
						<time>2026-09-12T08:57:30Z</time>
					</trkpt>
					<trkpt lat="48.859570" lon="2.655580">
						<ele>44</ele>
						<time>2026-09-12T08:58:08Z</time>
					</trkpt>
					<trkpt lat="48.859680" lon="2.655520">
						<ele>44</ele>
						<time>2026-09-12T08:58:10Z</time>
					</trkpt>
					<trkpt lat="48.859760" lon="2.655450">
						<ele>43</ele>
						<time>2026-09-12T08:58:11Z</time>
					</trkpt>
					<trkpt lat="48.859800" lon="2.655380">
						<ele>43</ele>
						<time>2026-09-12T08:58:13Z</time>
					</trkpt>
					<trkpt lat="48.859820" lon="2.655280">
						<ele>43</ele>
						<time>2026-09-12T08:58:14Z</time>
					</trkpt>
					<trkpt lat="48.859830" lon="2.655150">
						<ele>43</ele>
						<time>2026-09-12T08:58:15Z</time>
					</trkpt>
					<trkpt lat="48.859600" lon="2.653340">
						<ele>44</ele>
						<time>2026-09-12T08:58:37Z</time>
					</trkpt>
					<trkpt lat="48.859530" lon="2.652530">
						<ele>44</ele>
						<time>2026-09-12T08:58:46Z</time>
					</trkpt>
					<trkpt lat="48.859520" lon="2.651810">
						<ele>45</ele>
						<time>2026-09-12T08:58:55Z</time>
					</trkpt>
					<trkpt lat="48.859530" lon="2.651380">
						<ele>45</ele>
						<time>2026-09-12T08:59:00Z</time>
					</trkpt>
					<trkpt lat="48.859570" lon="2.649790">
						<ele>44</ele>
						<time>2026-09-12T08:59:19Z</time>
					</trkpt>
					<trkpt lat="48.859560" lon="2.649290">
						<ele>44</ele>
						<time>2026-09-12T08:59:24Z</time>
					</trkpt>
					<trkpt lat="48.859420" lon="2.647660">
						<ele>42</ele>
						<time>2026-09-12T08:59:44Z</time>
					</trkpt>
					<trkpt lat="48.859380" lon="2.647560">
						<ele>42</ele>
						<time>2026-09-12T08:59:45Z</time>
					</trkpt>
					<trkpt lat="48.859300" lon="2.647510">
						<ele>41</ele>
						<time>2026-09-12T08:59:47Z</time>
					</trkpt>
					<trkpt lat="48.859140" lon="2.647490">
						<ele>41</ele>
						<time>2026-09-12T08:59:49Z</time>
					</trkpt>
					<trkpt lat="48.859080" lon="2.647490">
						<ele>41</ele>
						<time>2026-09-12T08:59:50Z</time>
					</trkpt>
					<trkpt lat="48.859240" lon="2.647000">
						<ele>41</ele>
						<time>2026-09-12T08:59:57Z</time>
					</trkpt>
					<trkpt lat="48.859330" lon="2.646820">
						<ele>40</ele>
						<time>2026-09-12T09:00:00Z</time>
					</trkpt>
					<trkpt lat="48.859450" lon="2.646440">
						<ele>40</ele>
						<time>2026-09-12T09:00:04Z</time>
					</trkpt>
					<trkpt lat="48.859490" lon="2.646380">
						<ele>40</ele>
						<time>2026-09-12T09:00:05Z</time>
					</trkpt>
					<trkpt lat="48.859920" lon="2.646250">
						<ele>40</ele>
						<time>2026-09-12T09:00:13Z</time>
					</trkpt>
					<trkpt lat="48.860330" lon="2.645960">
						<ele>40</ele>
						<time>2026-09-12T09:00:21Z</time>
					</trkpt>
					<trkpt lat="48.861240" lon="2.645210">
						<ele>40</ele>
						<time>2026-09-12T09:00:40Z</time>
					</trkpt>
					<trkpt lat="48.861220" lon="2.645170">
						<ele>40</ele>
						<time>2026-09-12T09:00:40Z</time>
					</trkpt>
					<trkpt lat="48.861630" lon="2.644850">
						<ele>40</ele>
						<time>2026-09-12T09:00:49Z</time>
					</trkpt>
					<trkpt lat="48.862710" lon="2.644050">
						<ele>40</ele>
						<time>2026-09-12T09:01:10Z</time>
					</trkpt>
					<trkpt lat="48.863230" lon="2.643710">
						<ele>41</ele>
						<time>2026-09-12T09:01:20Z</time>
					</trkpt>
					<trkpt lat="48.864240" lon="2.643180">
						<ele>41</ele>
						<time>2026-09-12T09:01:39Z</time>
					</trkpt>
					<trkpt lat="48.864350" lon="2.643100">
						<ele>41</ele>
						<time>2026-09-12T09:01:41Z</time>
					</trkpt>
					<trkpt lat="48.864720" lon="2.642740">
						<ele>41</ele>
						<time>2026-09-12T09:01:49Z</time>
					</trkpt>
					<trkpt lat="48.864790" lon="2.642750">
						<ele>41</ele>
						<time>2026-09-12T09:01:50Z</time>
					</trkpt>
					<trkpt lat="48.864830" lon="2.642730">
						<ele>41</ele>
						<time>2026-09-12T09:01:51Z</time>
					</trkpt>
					<trkpt lat="48.864890" lon="2.642680">
						<ele>41</ele>
						<time>2026-09-12T09:01:52Z</time>
					</trkpt>
					<trkpt lat="48.864930" lon="2.642630">
						<ele>41</ele>
						<time>2026-09-12T09:01:53Z</time>
					</trkpt>
					<trkpt lat="48.864950" lon="2.642540">
						<ele>41</ele>
						<time>2026-09-12T09:01:54Z</time>
					</trkpt>
					<trkpt lat="48.864960" lon="2.642440">
						<ele>41</ele>
						<time>2026-09-12T09:01:55Z</time>
					</trkpt>
					<trkpt lat="48.864920" lon="2.642290">
						<ele>41</ele>
						<time>2026-09-12T09:01:57Z</time>
					</trkpt>
					<trkpt lat="48.864920" lon="2.642100">
						<ele>41</ele>
						<time>2026-09-12T09:02:00Z</time>
					</trkpt>
					<trkpt lat="48.865020" lon="2.641620">
						<ele>40</ele>
						<time>2026-09-12T09:02:05Z</time>
					</trkpt>
					<trkpt lat="48.865060" lon="2.641250">
						<ele>40</ele>
						<time>2026-09-12T09:02:10Z</time>
					</trkpt>
					<trkpt lat="48.865060" lon="2.641070">
						<ele>40</ele>
						<time>2026-09-12T09:02:12Z</time>
					</trkpt>
					<trkpt lat="48.864980" lon="2.640500">
						<ele>40</ele>
						<time>2026-09-12T09:02:19Z</time>
					</trkpt>
					<trkpt lat="48.864920" lon="2.639890">
						<ele>39</ele>
						<time>2026-09-12T09:02:26Z</time>
					</trkpt>
					<trkpt lat="48.864910" lon="2.638750">
						<ele>40</ele>
						<time>2026-09-12T09:02:39Z</time>
					</trkpt>
					<trkpt lat="48.865040" lon="2.636380">
						<ele>39</ele>
						<time>2026-09-12T09:03:07Z</time>
					</trkpt>
					<trkpt lat="48.865060" lon="2.635800">
						<ele>41</ele>
						<time>2026-09-12T09:03:14Z</time>
					</trkpt>
					<trkpt lat="48.865060" lon="2.635310">
						<ele>42</ele>
						<time>2026-09-12T09:03:20Z</time>
					</trkpt>
					<trkpt lat="48.865020" lon="2.634680">
						<ele>42</ele>
						<time>2026-09-12T09:03:27Z</time>
					</trkpt>
					<trkpt lat="48.864980" lon="2.634270">
						<ele>42</ele>
						<time>2026-09-12T09:03:32Z</time>
					</trkpt>
					<trkpt lat="48.864790" lon="2.633000">
						<ele>42</ele>
						<time>2026-09-12T09:03:47Z</time>
					</trkpt>
					<trkpt lat="48.864770" lon="2.632760">
						<ele>42</ele>
						<time>2026-09-12T09:03:50Z</time>
					</trkpt>
					<trkpt lat="48.864770" lon="2.632420">
						<ele>41</ele>
						<time>2026-09-12T09:03:54Z</time>
					</trkpt>
					<trkpt lat="48.864800" lon="2.632070">
						<ele>41</ele>
						<time>2026-09-12T09:03:58Z</time>
					</trkpt>
					<trkpt lat="48.864930" lon="2.631240">
						<ele>41</ele>
						<time>2026-09-12T09:04:08Z</time>
					</trkpt>
					<trkpt lat="48.865020" lon="2.630840">
						<ele>42</ele>
						<time>2026-09-12T09:04:13Z</time>
					</trkpt>
					<trkpt lat="48.865270" lon="2.629900">
						<ele>41</ele>
						<time>2026-09-12T09:04:25Z</time>
					</trkpt>
					<trkpt lat="48.865370" lon="2.629470">
						<ele>41</ele>
						<time>2026-09-12T09:04:30Z</time>
					</trkpt>
					<trkpt lat="48.865470" lon="2.628830">
						<ele>41</ele>
						<time>2026-09-12T09:04:38Z</time>
					</trkpt>
					<trkpt lat="48.865650" lon="2.627270">
						<ele>42</ele>
						<time>2026-09-12T09:04:56Z</time>
					</trkpt>
					<trkpt lat="48.865670" lon="2.626650">
						<ele>41</ele>
						<time>2026-09-12T09:05:04Z</time>
					</trkpt>
					<trkpt lat="48.865550" lon="2.624970">
						<ele>41</ele>
						<time>2026-09-12T09:05:24Z</time>
					</trkpt>
					<trkpt lat="48.865540" lon="2.624570">
						<ele>40</ele>
						<time>2026-09-12T09:05:28Z</time>
					</trkpt>
					<trkpt lat="48.865590" lon="2.623990">
						<ele>40</ele>
						<time>2026-09-12T09:05:35Z</time>
					</trkpt>
					<trkpt lat="48.865640" lon="2.623660">
						<ele>41</ele>
						<time>2026-09-12T09:05:39Z</time>
					</trkpt>
					<trkpt lat="48.865780" lon="2.622640">
						<ele>42</ele>
						<time>2026-09-12T09:05:51Z</time>
					</trkpt>
					<trkpt lat="48.865890" lon="2.621760">
						<ele>40</ele>
						<time>2026-09-12T09:06:02Z</time>
					</trkpt>
					<trkpt lat="48.866010" lon="2.620930">
						<ele>42</ele>
						<time>2026-09-12T09:06:12Z</time>
					</trkpt>
					<trkpt lat="48.866080" lon="2.620750">
						<ele>42</ele>
						<time>2026-09-12T09:06:14Z</time>
					</trkpt>
					<trkpt lat="48.866280" lon="2.620430">
						<ele>43</ele>
						<time>2026-09-12T09:06:19Z</time>
					</trkpt>
					<trkpt lat="48.866440" lon="2.620280">
						<ele>45</ele>
						<time>2026-09-12T09:06:23Z</time>
					</trkpt>
					<trkpt lat="48.866640" lon="2.620140">
						<ele>46</ele>
						<time>2026-09-12T09:06:27Z</time>
					</trkpt>
					<trkpt lat="48.867140" lon="2.619850">
						<ele>43</ele>
						<time>2026-09-12T09:06:36Z</time>
					</trkpt>
					<trkpt lat="48.867510" lon="2.619640">
						<ele>41</ele>
						<time>2026-09-12T09:06:43Z</time>
					</trkpt>
					<trkpt lat="48.867680" lon="2.619580">
						<ele>40</ele>
						<time>2026-09-12T09:06:46Z</time>
					</trkpt>
					<trkpt lat="48.868010" lon="2.619540">
						<ele>40</ele>
						<time>2026-09-12T09:06:52Z</time>
					</trkpt>
					<trkpt lat="48.868580" lon="2.619590">
						<ele>39</ele>
						<time>2026-09-12T09:07:02Z</time>
					</trkpt>
					<trkpt lat="48.868860" lon="2.619640">
						<ele>39</ele>
						<time>2026-09-12T09:07:07Z</time>
					</trkpt>
					<trkpt lat="48.869130" lon="2.619770">
						<ele>39</ele>
						<time>2026-09-12T09:07:12Z</time>
					</trkpt>
					<trkpt lat="48.869130" lon="2.619860">
						<ele>40</ele>
						<time>2026-09-12T09:07:13Z</time>
					</trkpt>
					<trkpt lat="48.869160" lon="2.619940">
						<ele>40</ele>
						<time>2026-09-12T09:07:14Z</time>
					</trkpt>
					<trkpt lat="48.869210" lon="2.619990">
						<ele>40</ele>
						<time>2026-09-12T09:07:15Z</time>
					</trkpt>
					<trkpt lat="48.869270" lon="2.620010">
						<ele>40</ele>
						<time>2026-09-12T09:07:17Z</time>
					</trkpt>
					<trkpt lat="48.869330" lon="2.619990">
						<ele>40</ele>
						<time>2026-09-12T09:07:18Z</time>
					</trkpt>
					<trkpt lat="48.869380" lon="2.619940">
						<ele>40</ele>
						<time>2026-09-12T09:07:19Z</time>
					</trkpt>
					<trkpt lat="48.869400" lon="2.619860">
						<ele>40</ele>
						<time>2026-09-12T09:07:20Z</time>
					</trkpt>
					<trkpt lat="48.869410" lon="2.619760">
						<ele>40</ele>
						<time>2026-09-12T09:07:21Z</time>
					</trkpt>
					<trkpt lat="48.869390" lon="2.619670">
						<ele>39</ele>
						<time>2026-09-12T09:07:22Z</time>
					</trkpt>
					<trkpt lat="48.869340" lon="2.619610">
						<ele>39</ele>
						<time>2026-09-12T09:07:23Z</time>
					</trkpt>
					<trkpt lat="48.869280" lon="2.619580">
						<ele>39</ele>
						<time>2026-09-12T09:07:24Z</time>
					</trkpt>
					<trkpt lat="48.869320" lon="2.614060">
						<ele>38</ele>
						<time>2026-09-12T09:08:29Z</time>
					</trkpt>
					<trkpt lat="48.869340" lon="2.613610">
						<ele>38</ele>
						<time>2026-09-12T09:08:34Z</time>
					</trkpt>
					<trkpt lat="48.869400" lon="2.613160">
						<ele>39</ele>
						<time>2026-09-12T09:08:40Z</time>
					</trkpt>
					<trkpt lat="48.869600" lon="2.611910">
						<ele>39</ele>
						<time>2026-09-12T09:08:55Z</time>
					</trkpt>
					<trkpt lat="48.869620" lon="2.611620">
						<ele>39</ele>
						<time>2026-09-12T09:08:58Z</time>
					</trkpt>
					<trkpt lat="48.869630" lon="2.610750">
						<ele>39</ele>
						<time>2026-09-12T09:09:08Z</time>
					</trkpt>
					<trkpt lat="48.869590" lon="2.609870">
						<ele>39</ele>
						<time>2026-09-12T09:09:19Z</time>
					</trkpt>
					<trkpt lat="48.869610" lon="2.609680">
						<ele>39</ele>
						<time>2026-09-12T09:09:21Z</time>
					</trkpt>
					<trkpt lat="48.869590" lon="2.609050">
						<ele>39</ele>
						<time>2026-09-12T09:09:28Z</time>
					</trkpt>
					<trkpt lat="48.869620" lon="2.608330">
						<ele>38</ele>
						<time>2026-09-12T09:09:37Z</time>
					</trkpt>
					<trkpt lat="48.869610" lon="2.608180">
						<ele>38</ele>
						<time>2026-09-12T09:09:38Z</time>
					</trkpt>
					<trkpt lat="48.871240" lon="2.600580">
						<ele>38</ele>
						<time>2026-09-12T09:11:12Z</time>
					</trkpt>
					<trkpt lat="48.871920" lon="2.598160">
						<ele>40</ele>
						<time>2026-09-12T09:11:43Z</time>
					</trkpt>
					<trkpt lat="48.872300" lon="2.596990">
						<ele>39</ele>
						<time>2026-09-12T09:11:58Z</time>
					</trkpt>
					<trkpt lat="48.872500" lon="2.596660">
						<ele>38</ele>
						<time>2026-09-12T09:12:03Z</time>
					</trkpt>
					<trkpt lat="48.872600" lon="2.596600">
						<ele>38</ele>
						<time>2026-09-12T09:12:05Z</time>
					</trkpt>
					<trkpt lat="48.872630" lon="2.596530">
						<ele>38</ele>
						<time>2026-09-12T09:12:06Z</time>
					</trkpt>
					<trkpt lat="48.872650" lon="2.596410">
						<ele>38</ele>
						<time>2026-09-12T09:12:08Z</time>
					</trkpt>
					<trkpt lat="48.872620" lon="2.596290">
						<ele>37</ele>
						<time>2026-09-12T09:12:09Z</time>
					</trkpt>
					<trkpt lat="48.872550" lon="2.596200">
						<ele>37</ele>
						<time>2026-09-12T09:12:11Z</time>
					</trkpt>
					<trkpt lat="48.872470" lon="2.596190">
						<ele>37</ele>
						<time>2026-09-12T09:12:12Z</time>
					</trkpt>
					<trkpt lat="48.872370" lon="2.596170">
						<ele>37</ele>
						<time>2026-09-12T09:12:14Z</time>
					</trkpt>
					<trkpt lat="48.872210" lon="2.596000">
						<ele>37</ele>
						<time>2026-09-12T09:12:17Z</time>
					</trkpt>
					<trkpt lat="48.871640" lon="2.595290">
						<ele>39</ele>
						<time>2026-09-12T09:12:31Z</time>
					</trkpt>
					<trkpt lat="48.871330" lon="2.594940">
						<ele>39</ele>
						<time>2026-09-12T09:12:37Z</time>
					</trkpt>
					<trkpt lat="48.871050" lon="2.594660">
						<ele>40</ele>
						<time>2026-09-12T09:12:43Z</time>
					</trkpt>
					<trkpt lat="48.870940" lon="2.594470">
						<ele>40</ele>
						<time>2026-09-12T09:12:46Z</time>
					</trkpt>
					<trkpt lat="48.869970" lon="2.592380">
						<ele>38</ele>
						<time>2026-09-12T09:13:16Z</time>
					</trkpt>
					<trkpt lat="48.869880" lon="2.592110">
						<ele>38</ele>
						<time>2026-09-12T09:13:20Z</time>
					</trkpt>
					<trkpt lat="48.869900" lon="2.591840">
						<ele>38</ele>
						<time>2026-09-12T09:13:23Z</time>
					</trkpt>
					<trkpt lat="48.869920" lon="2.588730">
						<ele>39</ele>
						<time>2026-09-12T09:13:59Z</time>
					</trkpt>
					<trkpt lat="48.869950" lon="2.588540">
						<ele>39</ele>
						<time>2026-09-12T09:14:02Z</time>
					</trkpt>
					<trkpt lat="48.870170" lon="2.588350">
						<ele>40</ele>
						<time>2026-09-12T09:14:06Z</time>
					</trkpt>
					<trkpt lat="48.870190" lon="2.588220">
						<ele>40</ele>
						<time>2026-09-12T09:14:08Z</time>
					</trkpt>
					<trkpt lat="48.870160" lon="2.588030">
						<ele>40</ele>
						<time>2026-09-12T09:14:10Z</time>
					</trkpt>
					<trkpt lat="48.870210" lon="2.587440">
						<ele>40</ele>
						<time>2026-09-12T09:14:17Z</time>
					</trkpt>
					<trkpt lat="48.870220" lon="2.587450">
						<ele>40</ele>
						<time>2026-09-12T09:14:17Z</time>
					</trkpt>
					<trkpt lat="48.870230" lon="2.586650">
						<ele>40</ele>
						<time>2026-09-12T09:14:27Z</time>
					</trkpt>
					<trkpt lat="48.870160" lon="2.582440">
						<ele>39</ele>
						<time>2026-09-12T09:15:16Z</time>
					</trkpt>
					<trkpt lat="48.870210" lon="2.582160">
						<ele>39</ele>
						<time>2026-09-12T09:15:19Z</time>
					</trkpt>
					<trkpt lat="48.870190" lon="2.582020">
						<ele>39</ele>
						<time>2026-09-12T09:15:21Z</time>
					</trkpt>
					<trkpt lat="48.870130" lon="2.581960">
						<ele>39</ele>
						<time>2026-09-12T09:15:22Z</time>
					</trkpt>
					<trkpt lat="48.870100" lon="2.581900">
						<ele>39</ele>
						<time>2026-09-12T09:15:23Z</time>
					</trkpt>
					<trkpt lat="48.870110" lon="2.581140">
						<ele>39</ele>
						<time>2026-09-12T09:15:32Z</time>
					</trkpt>
					<trkpt lat="48.870070" lon="2.580300">
						<ele>40</ele>
						<time>2026-09-12T09:15:42Z</time>
					</trkpt>
					<trkpt lat="48.869850" lon="2.577720">
						<ele>41</ele>
						<time>2026-09-12T09:16:12Z</time>
					</trkpt>
					<trkpt lat="48.869800" lon="2.577670">
						<ele>40</ele>
						<time>2026-09-12T09:16:13Z</time>
					</trkpt>
					<trkpt lat="48.869740" lon="2.577440">
						<ele>40</ele>
						<time>2026-09-12T09:16:16Z</time>
					</trkpt>
					<trkpt lat="48.869670" lon="2.576730">
						<ele>41</ele>
						<time>2026-09-12T09:16:25Z</time>
					</trkpt>
					<trkpt lat="48.869640" lon="2.576410">
						<ele>41</ele>
						<time>2026-09-12T09:16:28Z</time>
					</trkpt>
					<trkpt lat="48.869640" lon="2.575860">
						<ele>42</ele>
						<time>2026-09-12T09:16:35Z</time>
					</trkpt>
					<trkpt lat="48.869590" lon="2.575210">
						<ele>40</ele>
						<time>2026-09-12T09:16:43Z</time>
					</trkpt>
					<trkpt lat="48.869500" lon="2.574730">
						<ele>39</ele>
						<time>2026-09-12T09:16:48Z</time>
					</trkpt>
					<trkpt lat="48.869410" lon="2.574460">
						<ele>39</ele>
						<time>2026-09-12T09:16:52Z</time>
					</trkpt>
					<trkpt lat="48.868750" lon="2.573470">
						<ele>40</ele>
						<time>2026-09-12T09:17:08Z</time>
					</trkpt>
					<trkpt lat="48.867560" lon="2.571810">
						<ele>40</ele>
						<time>2026-09-12T09:17:37Z</time>
					</trkpt>
					<trkpt lat="48.867030" lon="2.571050">
						<ele>40</ele>
						<time>2026-09-12T09:17:50Z</time>
					</trkpt>
					<trkpt lat="48.866750" lon="2.570530">
						<ele>40</ele>
						<time>2026-09-12T09:17:58Z</time>
					</trkpt>
					<trkpt lat="48.866370" lon="2.569650">
						<ele>41</ele>
						<time>2026-09-12T09:18:10Z</time>
					</trkpt>
					<trkpt lat="48.866130" lon="2.568840">
						<ele>41</ele>
						<time>2026-09-12T09:18:21Z</time>
					</trkpt>
					<trkpt lat="48.865970" lon="2.568100">
						<ele>40</ele>
						<time>2026-09-12T09:18:30Z</time>
					</trkpt>
					<trkpt lat="48.865920" lon="2.567730">
						<ele>39</ele>
						<time>2026-09-12T09:18:34Z</time>
					</trkpt>
					<trkpt lat="48.865660" lon="2.564950">
						<ele>39</ele>
						<time>2026-09-12T09:19:07Z</time>
					</trkpt>
					<trkpt lat="48.865620" lon="2.564370">
						<ele>39</ele>
						<time>2026-09-12T09:19:14Z</time>
					</trkpt>
					<trkpt lat="48.865470" lon="2.562430">
						<ele>38</ele>
						<time>2026-09-12T09:19:37Z</time>
					</trkpt>
					<trkpt lat="48.865110" lon="2.558300">
						<ele>40</ele>
						<time>2026-09-12T09:20:26Z</time>
					</trkpt>
					<trkpt lat="48.864580" lon="2.552430">
						<ele>45</ele>
						<time>2026-09-12T09:21:35Z</time>
					</trkpt>
					<trkpt lat="48.864520" lon="2.551970">
						<ele>44</ele>
						<time>2026-09-12T09:21:40Z</time>
					</trkpt>
					<trkpt lat="48.864450" lon="2.551580">
						<ele>44</ele>
						<time>2026-09-12T09:21:45Z</time>
					</trkpt>
					<trkpt lat="48.864360" lon="2.551190">
						<ele>45</ele>
						<time>2026-09-12T09:21:50Z</time>
					</trkpt>
					<trkpt lat="48.862880" lon="2.545780">
						<ele>40</ele>
						<time>2026-09-12T09:22:59Z</time>
					</trkpt>
					<trkpt lat="48.862600" lon="2.544920">
						<ele>40</ele>
						<time>2026-09-12T09:23:10Z</time>
					</trkpt>
					<trkpt lat="48.861770" lon="2.542850">
						<ele>40</ele>
						<time>2026-09-12T09:23:38Z</time>
					</trkpt>
					<trkpt lat="48.860880" lon="2.540710">
						<ele>41</ele>
						<time>2026-09-12T09:24:08Z</time>
					</trkpt>
					<trkpt lat="48.859180" lon="2.536470">
						<ele>42</ele>
						<time>2026-09-12T09:25:06Z</time>
					</trkpt>
					<trkpt lat="48.858650" lon="2.535190">
						<ele>43</ele>
						<time>2026-09-12T09:25:24Z</time>
					</trkpt>
					<trkpt lat="48.857980" lon="2.533490">
						<ele>43</ele>
						<time>2026-09-12T09:25:47Z</time>
					</trkpt>
					<trkpt lat="48.857210" lon="2.531320">
						<ele>44</ele>
						<time>2026-09-12T09:26:16Z</time>
					</trkpt>
					<trkpt lat="48.856540" lon="2.529560">
						<ele>43</ele>
						<time>2026-09-12T09:26:39Z</time>
					</trkpt>
					<trkpt lat="48.855930" lon="2.527820">
						<ele>43</ele>
						<time>2026-09-12T09:27:03Z</time>
					</trkpt>
					<trkpt lat="48.855570" lon="2.526480">
						<ele>41</ele>
						<time>2026-09-12T09:27:19Z</time>
					</trkpt>
					<trkpt lat="48.855350" lon="2.525600">
						<ele>41</ele>
						<time>2026-09-12T09:27:31Z</time>
					</trkpt>
					<trkpt lat="48.855100" lon="2.524440">
						<ele>40</ele>
						<time>2026-09-12T09:27:45Z</time>
					</trkpt>
					<trkpt lat="48.853960" lon="2.518740">
						<ele>37</ele>
						<time>2026-09-12T09:28:55Z</time>
					</trkpt>
					<trkpt lat="48.853080" lon="2.514500">
						<ele>39</ele>
						<time>2026-09-12T09:29:47Z</time>
					</trkpt>
					<trkpt lat="48.853030" lon="2.514140">
						<ele>40</ele>
						<time>2026-09-12T09:29:51Z</time>
					</trkpt>
					<trkpt lat="48.852990" lon="2.513890">
						<ele>40</ele>
						<time>2026-09-12T09:29:54Z</time>
					</trkpt>
					<trkpt lat="48.852780" lon="2.513090">
						<ele>39</ele>
						<time>2026-09-12T09:30:04Z</time>
					</trkpt>
					<trkpt lat="48.852570" lon="2.511980">
						<ele>39</ele>
						<time>2026-09-12T09:30:18Z</time>
					</trkpt>
					<trkpt lat="48.852470" lon="2.512010">
						<ele>39</ele>
						<time>2026-09-12T09:30:19Z</time>
					</trkpt>
					<trkpt lat="48.851440" lon="2.513260">
						<ele>40</ele>
						<time>2026-09-12T09:30:43Z</time>
					</trkpt>
					<trkpt lat="48.851370" lon="2.513230">
						<ele>39</ele>
						<time>2026-09-12T09:30:44Z</time>
					</trkpt>
					<trkpt lat="48.850720" lon="2.512770">
						<ele>37</ele>
						<time>2026-09-12T09:30:57Z</time>
					</trkpt>
					<trkpt lat="48.850610" lon="2.513130">
						<ele>37</ele>
						<time>2026-09-12T09:31:01Z</time>
					</trkpt>
					<trkpt lat="48.850570" lon="2.513190">
						<ele>37</ele>
						<time>2026-09-12T09:31:02Z</time>
					</trkpt>
					<trkpt lat="48.850520" lon="2.513210">
						<ele>37</ele>
						<time>2026-09-12T09:31:03Z</time>
					</trkpt>
					<trkpt lat="48.850360" lon="2.513150">
						<ele>37</ele>
						<time>2026-09-12T09:31:06Z</time>
					</trkpt>
					<trkpt lat="48.850290" lon="2.513080">
						<ele>37</ele>
						<time>2026-09-12T09:31:08Z</time>
					</trkpt>
					<trkpt lat="48.849470" lon="2.512160">
						<ele>36</ele>
						<time>2026-09-12T09:31:26Z</time>
					</trkpt>
					<trkpt lat="48.848990" lon="2.511710">
						<ele>37</ele>
						<time>2026-09-12T09:31:36Z</time>
					</trkpt>
					<trkpt lat="48.848780" lon="2.511570">
						<ele>37</ele>
						<time>2026-09-12T09:31:40Z</time>
					</trkpt>
					<trkpt lat="48.848220" lon="2.511240">
						<ele>37</ele>
						<time>2026-09-12T09:31:51Z</time>
					</trkpt>
					<trkpt lat="48.847760" lon="2.511040">
						<ele>38</ele>
						<time>2026-09-12T09:31:59Z</time>
					</trkpt>
					<trkpt lat="48.847090" lon="2.510810">
						<ele>39</ele>
						<time>2026-09-12T09:32:12Z</time>
					</trkpt>
					<trkpt lat="48.846900" lon="2.510760">
						<ele>39</ele>
						<time>2026-09-12T09:32:15Z</time>
					</trkpt>
					<trkpt lat="48.846530" lon="2.510730">
						<ele>39</ele>
						<time>2026-09-12T09:32:22Z</time>
					</trkpt>
					</trkseg>
				</trk>
			</gpx>